u_id,tuition,in_state
100654,17220,0
100654,8610,1
100663,21216,0
100663,8832,1
100690,9000,0
100706,23012,0
100706,10120,1
100724,16656,0
100724,8328,1
100751,31460,0
100751,11100,1
100760,7500,0
100760,3750,1
100812,14460,0
100812,7230,1
100830,18480,0
100830,8232,1
100858,31176,0
100858,10392,1
100937,20000,0
101028,7500,0
101028,3750,1
101116,15300,0
101143,7500,0
101143,3750,1
101161,7500,0
101161,3750,1
101189,21930,0
101240,8000,0
101240,4000,1
101286,7500,0
101286,3750,1
101295,7500,0
101295,3750,1
101301,7500,0
101301,3750,1
101365,11820,0
101435,26800,0
101453,10152,0
101462,7500,0
101462,3750,1
101471,3990,0
101480,19950,0
101480,9990,1
101505,7680,0
101505,3990,1
101514,7500,0
101514,3750,1
101569,7500,0
101569,3750,1
101587,18200,0
101587,9100,1
101602,7500,0
101602,3750,1
101648,12000,0
101648,6000,1
101675,11164,0
101693,23860,0
101709,25110,0
101709,12090,1
101736,7500,0
101736,3750,1
101879,20400,0
101879,10200,1
101897,7500,0
101897,3750,1
101912,18974,0
101994,7500,0
101994,3750,1
102030,7500,0
102030,3750,1
102049,35750,0
102058,4800,0
102067,7500,0
102067,3750,1
102076,8000,0
102076,4000,1
102094,17232,0
102094,8616,1
102234,21732,0
102270,9548,0
102298,12130,0
102313,7500,0
102313,3750,1
102368,18624,0
102368,9312,1
102377,19594,0
102395,17424,0
102429,8000,0
102429,4000,1
102553,19776,0
102553,6192,1
102580,10200,0
102614,23450,0
102614,7659,1
102632,22825,0
102632,7147,1
102669,20350,0
102845,16784,0
104151,29952,0
104151,10978,1
104160,9570,0
104160,2760,1
104179,35628,0
104179,11210,1
104346,3000,0
104346,1500,1
104425,6000,0
104425,2184,1
104577,9192,0
104577,2232,1
104586,38976,0
104665,28500,0
104708,7824,0
104708,2040,1
104717,16407,0
105145,7824,0
105145,2040,1
105154,7824,0
105154,2040,1
105206,6804,0
105206,1944,1
105297,1320,0
105330,17352,0
105330,10644,1
105349,9371,0
105349,1948,1
105367,12641,0
105428,7824,0
105428,2040,1
105525,7452,0
105525,2136,1
105589,33960,0
105668,7824,0
105668,2040,1
105747,7824,0
105747,2040,1
105792,7824,0
105792,2040,1
105899,29850,0
106148,9340,0
106148,2680,1
106245,18750,0
106245,6495,1
106263,14586,0
106263,7068,1
106306,8760,0
106342,29900,0
106397,25420,0
106397,7666,1
106412,12810,0
106412,5640,1
106449,4248,0
106449,2544,1
106458,12744,0
106458,6888,1
106467,11640,0
106467,5820,1
106485,10941,0
106485,5091,1
106546,10098,0
106625,4896,0
106625,2448,1
106704,13900,0
106704,6950,1
106713,16200,0
106795,3150,0
106795,2700,1
106810,13000,0
106883,3540,0
106883,2940,1
106980,4410,0
106980,3300,1
106999,2880,0
106999,2256,1
107044,22500,0
107071,8088,0
107071,5880,1
107080,34750,0
107141,28424,0
107318,3792,0
107318,2832,1
107327,3752,0
107327,2352,1
107460,4392,0
107460,2664,1
107488,4184,0
107512,30500,0
107521,4920,0
107521,2496,1
107549,5790,0
107549,2790,1
107558,24950,0
107585,3120,0
107585,2568,1
107600,11804,0
107619,4200,0
107619,2640,1
107637,6000,0
107637,3000,1
107664,5370,0
107664,4140,1
107725,3630,0
107725,2550,1
107743,2616,0
107743,2376,1
107840,4800,0
107877,17980,0
107974,4128,0
107974,2328,1
107983,12450,0
107983,7020,1
107992,4680,0
107992,3300,1
108092,11376,0
108092,4200,1
108232,25728,0
108269,17391,0
108667,8472,0
108667,1104,1
108807,8952,0
108807,1104,1
108852,37575,0
108861,2856,0
108870,62049,0
109208,9480,0
109208,0,1
109350,7704,0
109350,1104,1
109651,48942,0
109785,41650,0
109819,9510,0
109819,1380,1
109907,9072,0
109907,1104,1
110060,6680,0
110097,44382,0
110219,12159,0
110246,7584,0
110246,1104,1
110316,21116,0
110334,8472,0
110334,1104,1
110361,35958,0
110370,53856,0
110398,46376,0
110404,58479,0
110413,47500,0
110422,17622,0
110422,5742,1
110468,16569,0
110486,17622,0
110486,5742,1
110495,17622,0
110495,5742,1
110510,17622,0
110510,5742,1
110529,17622,0
110529,5742,1
110538,17622,0
110538,5742,1
110547,17622,0
110547,5742,1
110556,17622,0
110556,5742,1
110565,17622,0
110565,5742,1
110574,17622,0
110574,5742,1
110583,17622,0
110583,5742,1
110592,17622,0
110592,5742,1
110608,17622,0
110608,5742,1
110617,17622,0
110617,5742,1
110635,41636,0
110635,11564,1
110644,41636,0
110644,11564,1
110653,41636,0
110653,11564,1
110662,41636,0
110662,11564,1
110671,41636,0
110671,11564,1
110680,41636,0
110680,11564,1
110699,11700,0
110705,41636,0
110705,11564,1
110714,41636,0
110714,11564,1
110778,18000,0
110918,10200,0
111045,6500,0
111081,54440,0
111188,17622,0
111188,5742,1
111391,32400,0
111434,8932,0
111434,1288,1
111461,9264,0
111461,1104,1
111887,10248,0
111887,1288,1
111896,9510,0
111896,1380,1
111920,8112,0
111920,1104,1
111939,9312,0
111939,1104,1
111948,60288,0
111966,14424,0
112075,39330,0
112084,24500,0
112127,16800,0
112172,9216,0
112172,1104,1
112190,10548,0
112190,0,1
112251,35640,0
112260,60480,0
112385,8664,0
112385,1104,1
112394,21480,0
112525,23097,0
112561,7228,0
112561,1276,1
112570,25680,0
112686,8784,0
112686,1104,1
112826,8304,0
112826,1288,1
113096,9480,0
113096,0,1
113111,9864,0
113111,1104,1
113193,9296,0
113193,1288,1
113218,9800,0
113218,1288,1
113236,7944,0
113236,1104,1
113333,11340,0
113333,1395,1
113537,16600,0
113573,9100,0
113573,1288,1
113582,27750,0
113616,21000,0
113634,8304,0
113634,1288,1
113698,48606,0
113704,20400,0
113856,9828,0
113856,1196,1
113980,7944,0
113980,1104,1
114114,19480,0
114123,15466,0
114266,8160,0
114266,1288,1
114354,31275,0
114433,9450,0
114433,1380,1
114549,19674,0
114585,19048,0
114716,11340,0
114716,1395,1
114734,14976,0
114789,8664,0
114789,1104,1
114813,33614,0
114840,22560,0
114859,9384,0
114859,1104,1
114938,7176,0
114938,1104,1
115001,8371,0
115001,1104,1
115083,11088,0
115126,9768,0
115126,1104,1
115214,22817,0
115296,9800,0
115296,1288,1
115393,8970,0
115393,1380,1
115409,62516,0
115728,41579,0
115746,27100,0
115755,17622,0
115755,5742,1
115773,14760,0
115861,6624,0
115861,1104,1
116226,19950,0
116439,9768,0
116439,1104,1
116846,9720,0
117052,8664,0
117052,1104,1
117104,18240,0
117140,45850,0
117168,34600,0
117195,9072,0
117195,1116,1
117247,8472,0
117247,1104,1
117274,9072,0
117274,1104,1
117283,9150,0
117520,NULL,0
117557,11400,0
117575,16848,0
117627,33912,0
117636,33552,0
117645,11356,0
117645,1472,1
117672,14029,0
117690,9828,0
117690,1196,1
117706,9828,0
117706,1196,1
117715,9828,0
117715,1196,1
117724,9828,0
117724,1196,1
117733,9828,0
117733,1196,1
117751,31950,0
117788,9828,0
117788,1196,1
117803,NULL,0
117867,9828,0
117867,1196,1
117894,8304,0
117894,1288,1
117946,54630,0
118347,9750,0
118347,1380,1
118541,35158,0
118684,8850,0
118684,1380,1
118693,48260,0
118718,7800,0
118718,1104,1
118772,8472,0
118772,1104,1
118912,8400,0
118912,1104,1
118930,10080,0
118930,1380,1
118976,7228,0
118976,1196,1
119058,44766,0
119067,8280,0
119067,1104,1
119137,8092,0
119137,1340,1
119164,10032,0
119164,1288,1
119173,45388,0
119216,11250,0
119216,1380,1
119270,24525,0
119331,9336,0
119331,1104,1
119605,13320,0
119678,NULL,0
119775,29691,0
120166,7920,0
120184,15792,0
120254,59970,0
120290,7080,0
120290,1104,1
120342,8664,0
120342,1104,1
120403,49100,0
120421,8092,0
120421,1340,1
120537,34500,0
120698,17714,0
120768,11482,0
120795,16605,0
120838,8137,0
120865,32655,0
120883,52918,0
120953,10590,0
120953,1380,1
120971,10584,0
120971,1288,1
121044,9504,0
121044,1104,1
121150,62390,0
121257,60282,0
121275,15200,0
121309,40400,0
121345,58818,0
121363,9510,0
121363,1380,1
121619,8712,0
121619,1104,1
121628,15157,0
121691,55328,0
121707,8088,0
121707,1104,1
121886,9812,0
121886,1316,1
121901,9960,0
121901,1380,1
122117,8016,0
122180,9480,0
122180,0,1
122205,9768,0
122205,1288,1
122296,47931,0
122339,7440,0
122339,1104,1
122375,7400,0
122375,1104,1
122384,7400,0
122384,1104,1
122409,17622,0
122409,5742,1
122436,53810,0
122506,51300,0
122597,17622,0
122597,5742,1
122612,54980,0
122649,NULL,0
122658,9072,0
122658,1288,1
122728,36000,0
122746,9408,0
122746,1288,1
122755,17622,0
122755,5742,1
122791,9464,0
122791,1288,1
122889,8760,0
122889,1104,1
122931,56880,0
122977,9048,0
122977,1104,1
123013,9234,0
123013,1242,1
123095,20856,0
123165,60494,0
123217,8232,0
123217,1288,1
123280,13600,0
123299,8184,0
123299,1104,1
123341,8496,0
123341,1104,1
123448,13500,0
123457,35980,0
123484,9780,0
123484,1380,1
123509,9434,0
123509,1288,1
123527,4980,0
123527,700,1
123554,53372,0
123563,6960,0
123563,1104,1
123572,17622,0
123572,5742,1
123633,11865,0
123642,12000,0
123651,38000,0
123800,9436,0
123800,1288,1
123916,26250,0
123943,38255,0
123952,49490,0
123961,63468,0
123970,18710,0
124113,7968,0
124113,1104,1
124283,26520,0
124292,27000,0
124487,8964,0
125028,8092,0
125028,1340,1
125037,NULL,0
125091,10102,0
125091,1402,1
125170,8464,0
125170,1104,1
125231,10552,0
125462,10110,0
125462,1380,1
125471,9828,0
125471,1196,1
125499,9210,0
125499,1380,1
125718,15600,0
125727,48840,0
125763,48924,0
125897,43392,0
126012,39500,0
126049,1100,0
126076,15000,0
126119,7464,0
126119,1104,1
126182,18144,0
126182,6072,1
126207,10632,0
126207,2736,1
126289,15102,0
126289,3680,1
126359,13819,0
126562,25992,0
126562,8736,1
126580,20906,0
126580,10990,1
126605,16576,0
126614,37376,0
126614,11004,1
126669,25751,0
126678,64554,0
126711,11520,0
126711,4680,1
126748,6258,0
126748,3754,1
126775,39600,0
126775,17520,1
126818,29861,0
126818,9903,1
126827,12036,0
126863,15556,0
126863,3754,1
126942,15403,0
126942,3754,1
126979,11880,0
127060,55260,0
127185,17712,0
127185,7200,1
127200,15404,0
127200,3754,1
127273,19824,0
127389,6258,0
127389,3754,1
127556,21983,0
127556,8261,1
127565,26277,0
127565,8445,1
127617,15403,0
127617,3754,1
127653,34400,0
127714,9552,0
127732,7038,0
127732,4692,1
127741,21570,0
127741,8180,1
127778,6258,0
127778,3754,1
127820,15403,0
127820,3754,1
127884,15403,0
127884,3754,1
127909,15408,0
127909,3744,1
127918,40830,0
127945,20355,0
128106,13749,0
128106,6670,1
128151,7800,0
128151,3900,1
128258,7800,0
128258,4680,1
128328,NULL,0
128391,18960,0
128391,6936,1
128498,36682,0
128577,12552,0
128577,4176,1
128586,9800,0
128744,32860,0
128771,19358,0
128771,6470,1
128780,10056,0
128780,7656,1
128902,62235,0
129002,14576,0
129020,38340,0
129020,15672,1
129154,19988,0
129215,9706,0
129215,6470,1
129242,53630,0
129367,12552,0
129367,4176,1
129428,NULL,0
129491,14194,0
129525,42851,0
129534,9360,0
129543,12552,0
129543,4176,1
129695,12552,0
129695,4176,1
129729,12552,0
129729,4176,1
129756,12552,0
129756,4176,1
129774,35006,0
129808,12552,0
129808,4176,1
129941,42610,0
130004,12552,0
130004,4176,1
130040,12552,0
130040,4176,1
130110,22032,0
130174,15550,0
130183,15329,0
130217,12552,0
130217,4176,1
130226,49170,0
130253,46310,0
130314,41712,0
130396,12552,0
130396,4176,1
130493,19358,0
130493,6470,1
130590,61070,0
130606,12552,0
130606,4176,1
130624,NULL,0
130697,63722,0
130776,19358,0
130776,6464,1
130794,62250,0
130837,6400,0
130907,11438,0
130907,4575,1
130934,16960,0
130934,7038,1
130943,35890,0
130943,13370,1
130989,13050,0
131113,11970,0
131159,53070,0
131283,53040,0
131399,12144,0
131399,5292,1
131405,17088,0
131450,16512,0
131469,60856,0
131496,61872,0
131520,30584,0
131803,13320,0
131830,10900,0
131876,25360,0
131973,21060,0
132408,11550,0
132471,32000,0
132602,13844,0
132657,39800,0
132693,8399,0
132693,2048,1
132709,7402,0
132709,1968,1
132842,12084,0
132851,7947,0
132851,1987,1
132879,17384,0
132903,19810,0
132903,4478,1
132976,12000,0
132976,3000,1
133021,8195,0
133021,2365,1
133386,11960,0
133386,3072,1
133465,15300,0
133492,48220,0
133508,9750,0
133508,2436,1
133526,14878,0
133553,38976,0
133650,14524,0
133650,3152,1
133669,14374,0
133669,2522,1
133702,7947,0
133702,2095,1
133711,22910,0
133809,17060,0
133872,19440,0
133881,42770,0
133951,16529,0
133951,4721,1
133960,9933,0
133960,2483,1
133979,12576,0
134079,39700,0
134097,19084,0
134097,4640,1
134130,25694,0
134130,4477,1
134237,26307,0
134343,7065,0
134343,1750,1
134422,8985,0
134495,7728,0
134495,1931,1
134510,6298,0
134608,9360,0
134608,2496,1
134811,20700,0
134945,43520,0
135081,22048,0
135160,9473,0
135160,2369,1
135188,13276,0
135188,3292,1
135364,8448,0
135391,2365,0
135522,8367,0
135522,2851,1
135610,13560,0
135717,7947,0
135717,1987,1
135726,55440,0
136145,9180,0
136145,2280,1
136172,16799,0
136172,3996,1
136215,34500,0
136233,9552,0
136233,2496,1
136330,34900,0
136358,10890,0
136358,3030,1
136400,9272,0
136400,2297,1
136473,7551,0
136473,1888,1
136516,9933,0
136516,2483,1
136701,17366,0
136765,10368,0
136765,3800,1
136774,48100,0
136950,56110,0
137032,24990,0
137078,7774,0
137078,1943,1
137096,7418,0
137096,1872,1
137209,9494,0
137209,2393,1
137272,23100,0
137281,8403,0
137281,2067,1
137315,11829,0
137315,3135,1
137351,15473,0
137351,4559,1
137476,32600,0
137546,51960,0
137564,28848,0
137759,7982,0
137759,2002,1
137777,15000,0
137801,15316,0
137847,30036,0
137953,13100,0
137962,15200,0
138187,7933,0
138187,1984,1
138275,25700,0
138293,27030,0
138309,11964,0
138354,16004,0
138354,3735,1
138558,9469,0
138558,2563,1
138600,45456,0
138655,11040,0
138664,10800,0
138682,4800,0
138682,2400,1
138716,14786,0
138716,4064,1
138761,18214,0
138813,20700,0
138840,4800,0
138840,2400,1
138868,21150,0
138901,9051,0
138901,2426,1
138929,NULL,0
138947,21948,0
138956,4800,0
138956,2400,1
139144,39150,0
139153,7632,0
139199,31000,0
139205,17850,0
139250,9469,0
139250,2563,1
139278,4800,0
139278,2400,1
139311,14786,0
139311,4064,1
139348,18990,0
139357,4800,0
139357,2400,1
139366,15425,0
139366,4371,1
139384,4800,0
139384,2400,1
139393,37760,0
139463,9469,0
139463,2563,1
139579,15300,0
139621,8632,0
139621,2280,1
139630,22464,0
139658,57120,0
139700,8632,0
139700,2280,1
139719,14786,0
139719,4064,1
139746,6705,0
139755,31370,0
139755,10258,1
139764,14786,0
139764,4064,1
139861,26688,0
139861,7508,1
139931,15425,0
139931,4371,1
139940,22389,0
139940,7158,1
139959,28830,0
139959,9790,1
139968,9469,0
139968,2563,1
139986,4800,0
139986,2400,1
139995,15960,0
140003,10250,0
140012,4800,0
140012,2400,1
140146,14000,0
140234,32800,0
140243,6000,0
140243,3000,1
140252,12915,0
140331,4800,0
140331,2400,1
140340,11820,0
140447,30017,0
140553,27038,0
140562,23513,0
140571,8500,0
140678,4800,0
140678,2400,1
140696,43710,0
140720,12706,0
140818,28970,0
140827,19400,0
140872,26000,0
140942,4800,0
140942,2400,1
140951,39105,0
140960,14785,0
140960,4064,1
140988,22828,0
141006,6000,0
141006,3000,1
141060,25880,0
141167,10800,0
141185,22350,0
141237,22896,0
141255,4800,0
141255,2400,1
141264,15426,0
141264,4371,1
141325,26450,0
141334,15426,0
141334,4371,1
141361,29700,0
141486,28430,0
141565,20304,0
141565,7344,1
141574,33336,0
141574,11304,1
141644,31440,0
141680,8280,0
141680,3144,1
141796,8280,0
141796,3144,1
141802,8280,0
141802,3144,1
141811,8280,0
141811,3144,1
141839,8280,0
141839,3144,1
141981,20304,0
141981,7344,1
141990,8280,0
141990,3144,1
142090,9000,0
142115,22869,0
142115,5532,1
142179,6720,0
142179,4360,1
142276,23906,0
142276,5928,1
142285,25418,0
142285,6182,1
142294,33825,0
142328,20252,0
142328,6996,1
142443,7776,0
142443,4000,1
142461,35548,0
142522,4536,0
142559,6840,0
142559,4560,1
142832,16740,0
142887,36800,0
142957,7500,0
143048,51290,0
143084,47766,0
143118,27200,0
143215,5940,0
143215,6120,1
143233,12000,0
143279,8100,0
143279,7950,1
143288,26055,0
143297,28280,0
143358,37380,0
143613,8710,0
143613,7810,1
143659,23232,0
143853,48133,0
143978,11784,0
144005,7656,0
144014,38520,0
144050,61179,0
144157,14430,0
144157,11520,1
144166,14430,0
144166,11520,1
144175,14430,0
144175,11520,1
144184,14430,0
144184,11520,1
144193,14430,0
144193,11520,1
144209,14430,0
144209,11520,1
144218,14430,0
144218,11520,1
144281,29270,0
144351,33944,0
144564,7800,0
144740,42449,0
144865,11010,0
144865,8910,1
144883,22050,0
144892,11882,0
144892,9417,1
144944,9504,0
144944,7128,1
144962,39862,0
144971,27450,0
145239,15560,0
145275,22680,0
145336,15024,0
145336,7512,1
145354,5743,0
145372,29998,0
145497,13800,0
145521,6048,0
145521,5904,1
145558,33207,0
145600,27765,0
145600,12396,1
145619,30927,0
145628,NULL,0
145637,35122,0
145637,14542,1
145646,53610,0
145682,11336,0
145682,9316,1
145691,35796,0
145707,10928,0
145707,8902,1
145725,48659,0
145813,20175,0
145813,10907,1
145831,14082,0
145831,12937,1
145886,25988,0
146205,7020,0
146205,5640,1
146278,7770,0
146296,12750,0
146296,11700,1
146339,29850,0
146348,24990,0
146348,12630,1
146366,11850,0
146366,7050,1
146418,13230,0
146418,8820,1
146427,52461,0
146472,12502,0
146472,9226,1
146481,52000,0
146490,NULL,0
146506,12940,0
146506,7139,1
146533,16320,0
146603,12000,0
146603,9000,1
146612,36320,0
146667,14820,0
146685,9684,0
146685,6456,1
146719,48100,0
146728,18000,0
146755,24692,0
146816,12000,0
146977,8640,0
147004,14175,0
147004,10824,1
147013,32020,0
147031,25536,0
147129,16248,0
147244,40740,0
147341,42064,0
147369,13680,0
147378,9096,0
147378,7776,1
147396,17500,0
147411,10304,0
147411,8256,1
147536,13419,0
147590,21272,0
147660,42866,0
147679,33350,0
147697,13635,0
147703,9792,0
147767,62391,0
147776,20182,0
147776,10091,1
147800,12292,0
147800,10276,1
147828,36950,0
147916,15255,0
147916,10905,1
148007,10332,0
148007,8610,1
148016,31200,0
148131,31940,0
148256,6000,0
148256,5250,1
148292,16650,0
148292,10380,1
148380,19860,0
148380,9960,1
148405,34750,0
148487,33068,0
148496,35850,0
148511,30315,0
148575,22132,0
148584,36000,0
148593,23850,0
148627,34640,0
148654,16850,0
148654,9758,1
148672,12060,0
148672,10800,1
148821,6600,0
148821,6300,1
148876,12888,0
148885,32634,0
148937,5400,0
148937,5160,1
148982,18900,0
148991,11700,0
148991,10620,1
149028,26368,0
149222,9638,0
149231,8674,0
149310,10350,0
149329,16000,0
149365,12150,0
149365,10500,1
149505,33800,0
149514,32998,0
149532,13950,0
149532,11010,1
149639,27670,0
149727,11304,0
149727,10434,1
149763,22608,0
149772,9130,0
149781,41990,0
149842,11184,0
149842,9372,1
150066,33070,0
150136,25918,0
150136,8434,1
150145,31480,0
150163,43470,0
150172,20500,0
150215,12780,0
150251,9480,0
150288,33075,0
150400,54400,0
150455,49218,0
150534,40100,0
150604,35636,0
150668,36660,0
150677,27242,0
150756,40336,0
150774,33500,0
150941,27914,0
150987,8777,0
150987,4487,1
151102,20403,0
151102,7815,1
151111,31410,0
151111,8972,1
151263,33252,0
151290,29064,0
151306,21140,0
151306,9095,1
151324,20880,0
151324,9452,1
151333,20634,0
151333,7274,1
151342,20634,0
151342,7274,1
151351,37685,0
151351,10012,1
151360,20634,0
151360,7274,1
151379,20634,0
151379,7274,1
151388,20634,0
151388,7274,1
151467,15280,0
151777,34504,0
151786,37600,0
151801,29684,0
151810,12840,0
151865,16650,0
151962,18000,0
152080,59794,0
152099,26400,0
152318,50961,0
152336,32870,0
152381,31150,0
152390,48880,0
152451,32082,0
152497,18650,0
152530,37176,0
152567,34330,0
152600,43400,0
152637,15201,0
152637,6116,1
152673,46600,0
152798,19236,0
152992,32777,0
153001,38644,0
153108,19800,0
153126,36900,0
153144,50314,0
153162,48514,0
153214,10680,0
153214,5340,1
153241,14400,0
153250,34000,0
153269,47564,0
153278,36800,0
153296,5568,0
153296,4560,1
153302,19800,0
153311,6096,0
153311,4488,1
153320,17990,0
153366,31250,0
153375,31418,0
153384,60988,0
153427,14700,0
153445,6409,0
153445,5916,1
153472,6120,0
153472,4680,1
153524,6822,0
153524,4620,1
153533,6720,0
153533,6272,1
153542,3600,0
153603,25162,0
153603,8678,1
153621,33550,0
153630,6180,0
153630,6030,1
153658,30674,0
153658,8711,1
153737,7504,0
153737,5600,1
153825,34750,0
153834,47510,0
153861,16000,0
153922,5064,0
153922,4560,1
153977,19087,0
154004,35100,0
154013,36606,0
154022,12240,0
154059,8066,0
154059,5378,1
154095,19265,0
154095,8111,1
154101,34000,0
154110,6270,0
154110,5550,1
154129,6120,0
154129,5820,1
154156,21062,0
154174,11025,0
154235,34290,0
154262,19440,0
154350,44202,0
154378,6150,0
154378,6000,1
154396,6150,0
154396,5940,1
154493,32589,0
154518,23108,0
154527,46740,0
154536,19400,0
154572,4056,0
154572,4032,1
154590,27800,0
154642,1830,0
154688,31620,0
154697,3136,0
154697,2368,1
154712,32920,0
154721,29200,0
154749,31850,0
154800,4708,0
154800,2908,1
154855,19900,0
154907,2520,0
154907,2340,1
154925,2816,0
154925,1248,1
154934,4199,0
154934,2659,1
154952,3750,0
154952,2250,1
154998,1710,0
154998,1410,1
155007,9917,0
155025,13195,0
155025,5278,1
155052,4572,0
155061,14580,0
155061,4140,1
155070,19000,0
155089,31172,0
155098,1860,0
155104,2460,0
155104,1890,1
155140,0,0
155177,29472,0
155186,1830,0
155195,3780,0
155195,2850,1
155201,2310,0
155201,2100,1
155210,5088,0
155210,2400,1
155292,5628,0
155292,2548,1
155308,8520,0
155317,26960,0
155317,10092,1
155335,32400,0
155399,25560,0
155399,9489,1
155414,31950,0
155423,7440,0
155450,2624,0
155450,1824,1
155487,5700,0
155496,17014,0
155511,32494,0
155520,34082,0
155566,2880,0
155593,5372,0
155627,29980,0
155636,11922,0
155681,17180,0
155681,5836,1
155715,2592,0
155715,2176,1
155812,31450,0
155830,6029,0
155858,3552,0
155858,2368,1
155900,36500,0
155937,28500,0
155973,35050,0
156082,20020,0
156082,9016,1
156107,5174,0
156107,4311,1
156125,16208,0
156125,6848,1
156189,12000,0
156213,32578,0
156222,16608,0
156231,15288,0
156231,4368,1
156286,44040,0
156295,44300,0
156338,15288,0
156338,4368,1
156356,27000,0
156365,25600,0
156392,15288,0
156392,4368,1
156408,48070,0
156417,9000,0
156541,9875,0
156620,19922,0
156620,9544,1
156648,15288,0
156648,4368,1
156727,16473,0
156745,40610,0
156790,15288,0
156790,4368,1
156851,15288,0
156851,4368,1
156860,15288,0
156860,4368,1
156921,15288,0
156921,4368,1
157021,10314,0
157030,9150,0
157058,11782,0
157058,7854,1
157076,30040,0
157085,30913,0
157085,11496,1
157100,23100,0
157207,9120,0
157216,25944,0
157289,28670,0
157289,12324,1
157298,11502,0
157304,15288,0
157304,4368,1
157331,15288,0
157331,4368,1
157377,24500,0
157386,13966,0
157386,9240,1
157401,17652,0
157401,8196,1
157438,15288,0
157438,4368,1
157447,20464,0
157447,10208,1
157483,15288,0
157483,4368,1
157535,23000,0
157553,15288,0
157553,4368,1
157711,15288,0
157711,4368,1
157739,15288,0
157739,4368,1
157748,11400,0
157757,26900,0
157793,14220,0
157809,34060,0
157818,41900,0
157863,27731,0
157951,27072,0
157951,11112,1
158088,3335,0
158325,13300,0
158431,3435,0
158477,38820,0
158662,3335,0
158802,18280,0
158884,3335,0
159009,5140,0
159197,11561,0
159373,15495,0
159373,7020,1
159382,5120,0
159382,4950,1
159391,8038,0
159407,2868,0
159416,5656,0
159568,19590,0
159647,13142,0
159647,6401,1
159656,43160,0
159717,7203,0
159717,5147,1
159939,10926,0
159939,6090,1
159948,9840,0
159966,6015,0
159966,4922,1
159993,17888,0
159993,5788,1
160010,3214,0
160038,15968,0
160038,5180,1
160065,14040,0
160074,13886,0
160409,22300,0
160481,3335,0
160524,22272,0
160579,3335,0
160612,18255,0
160612,5777,1
160621,4973,0
160630,13384,0
160630,4483,1
160649,2618,0
160658,19135,0
160658,5407,1
160667,3214,0
160755,58666,0
160904,23996,0
160959,44280,0
160977,61066,0
161004,60952,0
161022,14558,0
161077,5760,0
161077,2880,1
161086,60840,0
161138,5760,0
161138,2880,1
161192,5760,0
161192,2880,1
161208,24500,0
161217,18750,0
161217,7350,1
161226,20400,0
161226,8640,1
161235,12120,0
161235,7350,1
161253,33240,0
161253,11640,1
161299,26955,0
161299,11474,1
161341,12120,0
161341,7350,1
161457,39510,0
161484,5760,0
161484,2880,1
161509,39100,0
161518,41586,0
161545,5760,0
161545,2880,1
161554,22680,0
161554,8064,1
161563,28954,0
161572,11280,0
161581,5760,0
161581,2880,1
161688,10200,0
161688,7860,1
161767,12450,0
161767,7920,1
161864,6720,0
161864,2640,1
161873,20746,0
161873,7296,1
162007,16666,0
162007,5874,1
162061,25830,0
162104,8490,0
162104,7290,1
162122,7392,0
162122,5760,1
162168,7536,0
162168,5376,1
162210,23400,0
162283,11492,0
162283,4836,1
162557,9168,0
162557,6768,1
162584,21854,0
162584,6974,1
162609,10920,0
162609,8792,1
162654,49020,0
162690,7560,0
162690,5760,1
162706,7800,0
162706,5520,1
162760,43800,0
162779,8694,0
162779,6939,1
162928,60480,0
163046,53430,0
163204,11976,0
163204,7488,1
163259,39597,0
163259,9635,1
163268,25820,0
163268,9056,1
163286,37931,0
163286,9695,1
163295,51870,0
163338,16467,0
163338,5637,1
163426,11220,0
163426,8070,1
163453,15949,0
163453,5477,1
163462,44330,0
163532,13700,0
163578,39250,0
163657,7464,0
163657,5016,1
163851,18032,0
163851,7556,1
163912,28192,0
163912,12116,1
163976,36040,0
164076,23240,0
164076,7238,1
164085,15269,0
164155,NULL,0
164173,36036,0
164216,50626,0
164270,46800,0
164313,7752,0
164313,6192,1
164368,48375,0
164447,40550,0
164465,63500,0
164492,38410,0
164562,46680,0
164580,54944,0
164614,11400,0
164632,35781,0
164641,28500,0
164739,56500,0
164748,46950,0
164775,6240,0
164775,624,1
164872,21144,0
164915,20736,0
164924,62950,0
164988,61050,0
165015,61724,0
165024,7050,0
165024,910,1
165033,5520,0
165033,576,1
165112,5520,0
165112,576,1
165167,17190,0
165194,5520,0
165194,576,1
165264,30438,0
165334,52000,0
165495,37498,0
165529,42440,0
165574,43200,0
165644,26730,0
165662,51552,0
165671,44448,0
165699,36926,0
165802,33150,0
165820,7050,0
165820,970,1
165866,7050,0
165866,970,1
165884,16950,0
165936,26010,0
165945,23250,0
165981,6744,0
165981,624,1
166018,52714,0
166027,52659,0
166045,0,0
166054,21940,0
166124,57600,0
166133,10224,0
166133,5280,1
166391,40980,0
166407,25987,0
166452,30514,0
166489,49500,0
166513,33830,0
166513,15462,1
166629,37405,0
166629,16186,1
166638,35515,0
166638,14542,1
166647,5520,0
166647,576,1
166656,36060,0
166674,27420,0
166674,1030,1
166683,57590,0
166692,15882,0
166692,1994,1
166708,25494,0
166717,10000,0
166823,5520,0
166823,576,1
166850,45815,0
166869,80300,0
166887,5520,0
166887,576,1
166911,36200,0
166939,58280,0
166957,5520,0
166957,600,1
167057,54210,0
167093,22374,0
167215,NULL,0
167260,37150,0
167288,9975,0
167288,1030,1
167312,6168,0
167312,600,1
167358,59100,0
167376,6384,0
167376,600,1
167394,38735,0
167464,26500,0
167525,6168,0
167534,5520,0
167534,576,1
167598,46150,0
167631,5928,0
167631,936,1
167677,28060,0
167729,7050,0
167729,910,1
167783,43060,0
167792,61600,0
167835,58480,0
167899,41128,0
167905,5808,0
167905,600,1
167987,30317,0
167987,14179,1
167996,50312,0
168005,42790,0
168148,63804,0
168218,61584,0
168227,38160,0
168254,41750,0
168263,7050,0
168263,970,1
168281,59750,0
168342,61450,0
168421,56000,0
168430,7050,0
168430,970,1
168528,38321,0
168546,54410,0
168591,45346,0
168607,7365,0
168740,31464,0
168786,36480,0
168847,12460,0
168883,9362,0
168883,7657,1
169080,38370,0
169099,16269,0
169187,14660,0
169220,34827,0
169248,13253,0
169275,6336,0
169275,4446,1
169327,22279,0
169363,32770,0
169424,41450,0
169442,48030,0
169479,21240,0
169521,6420,0
169521,6150,1
169655,14678,0
169716,31058,0
169761,29280,0
169798,14500,0
169910,13608,0
169974,5568,0
169974,4704,1
169983,43935,0
169992,6820,0
169992,5921,1
170000,14040,0
170037,27580,0
170055,11220,0
170055,7470,1
170082,20198,0
170082,14302,1
170091,15750,0
170240,6552,0
170240,4512,1
170286,29590,0
170301,36841,0
170444,7920,0
170444,5970,1
170532,56001,0
170541,8280,0
170541,6210,1
170550,8228,0
170550,6203,1
170587,8100,0
170587,5820,1
170620,7148,0
170639,13440,0
170657,10260,0
170657,6840,1
170675,38370,0
170790,7560,0
170790,5940,1
170806,26100,0
170967,26736,0
170976,56941,0
170976,17454,1
171100,42427,0
171100,16437,1
171128,40929,0
171128,18592,1
171137,29184,0
171137,13920,1
171146,24450,0
171146,12234,1
171155,8808,0
171225,7110,0
171225,6383,1
171234,10920,0
171234,6660,1
171304,13080,0
171304,9360,1
171395,8910,0
171395,6870,1
171456,17718,0
171456,12096,1
171483,10880,0
171483,8364,1
171492,30020,0
171535,5180,0
171571,24735,0
171571,15723,1
171599,31664,0
171881,25370,0
172033,22157,0
172051,27164,0
172051,11565,1
172200,6890,0
172200,4888,1
172264,28000,0
172291,12990,0
172291,9300,1
172307,5890,0
172307,5410,1
172334,31020,0
172422,11696,0
172422,8060,1
172440,25436,0
172477,14440,0
172608,20232,0
172617,5736,0
172617,4056,1
172635,3574,0
172635,2839,1
172644,32457,0
172644,14140,1
172671,6120,0
172671,4320,1
172699,18154,0
172699,14523,1
172705,15660,0
172866,17557,0
172918,5478,0
172954,5500,0
172963,4915,0
173045,41284,0
173063,5585,0
173115,5896,0
173124,8994,0
173142,28330,0
173160,41110,0
173203,5424,0
173258,62244,0
173300,28400,0
173328,24400,0
173416,5759,0
173452,17420,0
173461,5615,0
173559,5424,0
173638,11696,0
173638,5848,1
173647,52490,0
173665,45540,0
173683,25568,0
173708,5341,0
173735,6672,0
173735,5374,1
173799,5420,0
173896,19000,0
173902,62270,0
173911,5490,0
173920,17726,0
173920,8356,1
173957,10342,0
174020,8571,0
174066,33246,0
174066,14006,1
174075,11362,0
174127,42110,0
174136,5264,0
174154,11820,0
174233,18028,0
174233,12638,1
174251,14934,0
174251,12804,1
174358,17674,0
174358,8838,1
174376,4502,0
174428,5347,0
174437,27140,0
174473,5627,0
174491,34490,0
174507,10032,0
174525,17760,0
174570,8356,0
174570,4178,1
174738,5053,0
174747,50950,0
174756,5391,0
174783,18695,0
174783,8811,1
174792,50950,0
174817,40520,0
174844,54650,0
174862,28360,0
174899,38750,0
174914,48930,0
175005,36600,0
175014,11817,0
175041,5486,0
175078,8840,0
175139,12564,0
175227,22610,0
175236,5473,0
175263,6280,0
175272,15120,0
175272,8388,1
175281,36020,0
175315,5475,0
175342,7869,0
175421,27980,0
175430,19120,0
175519,3200,0
175573,5200,0
175573,3200,1
175616,8435,0
175643,5360,0
175643,3260,1
175652,6500,0
175652,3500,1
175786,6550,0
175786,3500,1
175810,5400,0
175810,2700,1
175829,5100,0
175829,2900,1
175856,8270,0
175883,5750,0
175883,3750,1
175935,5552,0
175935,3552,1
175980,40940,0
176008,5890,0
176008,3290,1
176017,26292,0
176017,9072,1
176035,7766,0
176044,7394,0
176053,19656,0
176071,6600,0
176071,3300,1
176080,25294,0
176080,9248,1
176169,6930,0
176169,3650,1
176178,3200,0
176239,5250,0
176239,3250,1
176318,9900,0
176336,6000,0
176354,5900,0
176354,3200,1
176372,11340,0
176372,9340,1
176406,10258,0
176451,9000,0
176479,13500,0
176600,14850,0
176628,22390,0
176664,14690,0
176770,10646,0
176789,11060,0
176910,8850,0
176947,26360,0
176965,16080,0
176965,8040,1
177038,14400,0
177065,12140,0
177083,23998,0
177092,30135,0
177117,23350,0
177126,15210,0
177135,3984,0
177144,28700,0
177214,32500,0
177250,5640,0
177250,3864,1
177278,16000,0
177339,25166,0
177418,27996,0
177436,16950,0
177472,5256,0
177472,4104,1
177542,24000,0
177551,10056,0
177551,5424,1
177676,7080,0
177676,5310,1
177719,20020,0
177746,41174,0
177816,28680,0
177834,37062,0
177940,14250,0
177940,7020,1
177968,19100,0
177977,11760,0
177977,5880,1
177986,7800,0
177995,9600,0
177995,7110,1
178059,24766,0
178208,9120,0
178217,6690,0
178217,5130,1
178244,30252,0
178341,16052,0
178341,8026,1
178369,20850,0
178387,15120,0
178387,7200,1
178396,30441,0
178396,10452,1
178402,27648,0
178402,9999,1
178411,30150,0
178411,10389,1
178420,32100,0
178420,12528,1
178448,7440,0
178448,5220,1
178518,10000,0
178615,16712,0
178615,8690,1
178624,12082,0
178624,6015,1
178679,13680,0
178697,19800,0
178721,9262,0
178767,12968,0
178891,15720,0
178989,18000,0
179043,40700,0
179159,49800,0
179265,30680,0
179308,6300,0
179308,4440,1
179317,11466,0
179326,25990,0
179344,8460,0
179344,4230,1
179539,5928,0
179539,4392,1
179548,24586,0
179557,14331,0
179557,7761,1
179566,16016,0
179566,7476,1
179645,4290,0
179715,5850,0
179715,4740,1
179812,35420,0
179867,59420,0
179894,29640,0
179946,30248,0
179955,18360,0
179964,26500,0
180054,2880,0
180081,8598,0
180081,2702,1
180106,37828,0
180151,6930,0
180151,4230,1
180160,1960,0
180179,18209,0
180179,4620,1
180197,11220,0
180197,5298,1
180203,1740,0
180212,1680,0
180249,10640,0
180249,2834,1
180258,27256,0
180276,8866,0
180276,2684,1
180328,2600,0
180373,8400,0
180373,4530,1
180416,21414,0
180416,5878,1
180461,27391,0
180461,5824,1
180489,27168,0
180489,5515,1
180522,17096,0
180522,4496,1
180595,31342,0
180647,10260,0
180647,5076,1
180692,16406,0
180692,4658,1
180814,8040,0
180832,14880,0
180878,16370,0
180902,4230,0
180902,2820,1
180948,5208,0
180984,37000,0
181002,43684,0
181020,38190,0
181127,32600,0
181145,7140,0
181215,13650,0
181215,6270,1
181297,15548,0
181303,4590,0
181303,3060,1
181312,3900,0
181312,3000,1
181330,37500,0
181394,19926,0
181394,6344,1
181419,4080,0
181428,30510,0
181428,11340,1
181446,38898,0
181464,24900,0
181464,7770,1
181491,4530,0
181491,3240,1
181534,5760,0
181543,7040,0
181604,22450,0
181640,3444,0
181640,2856,1
181738,25920,0
181765,4726,0
181783,5580,0
181817,2652,0
181817,2556,1
181853,20450,0
182005,11284,0
182005,3383,1
182148,15493,0
182281,24701,0
182281,8159,1
182290,24687,0
182290,8133,1
182306,10967,0
182306,3607,1
182500,10339,0
182500,2862,1
182564,11283,0
182564,3383,1
182634,46364,0
182670,60687,0
182795,39055,0
182829,36000,0
182917,23400,0
182980,25714,0
183026,15000,0
183044,34430,0
183044,15520,1
183062,22663,0
183062,11754,1
183071,34010,0
183071,15150,1
183080,22250,0
183080,11870,1
183099,14700,0
183099,6450,1
183105,14700,0
183105,6450,1
183114,14700,0
183114,6450,1
183123,14700,0
183123,6450,1
183132,14700,0
183132,6450,1
183141,14700,0
183141,6450,1
183150,14700,0
183150,6450,1
183211,35445,0
183239,43940,0
183248,20750,0
183257,8880,0
183257,7536,1
183275,28000,0
183488,17324,0
183600,5773,0
183655,7383,0
183655,5883,1
183743,7752,0
183743,7368,1
183789,25438,0
183804,24366,0
183822,30680,0
183859,8505,0
183859,7755,1
183877,5376,0
183877,3816,1
183910,35950,0
183938,2856,0
183974,34890,0
184180,12750,0
184180,8970,1
184205,4260,0
184348,43074,0
184481,7897,0
184603,36423,0
184612,33860,0
184694,38811,0
184773,33838,0
184782,20108,0
184782,10715,1
184791,4260,0
184959,17066,0
184968,15372,0
184995,10560,0
184995,7152,1
185129,23983,0
185129,13384,1
185174,20700,0
185262,18150,0
185262,10758,1
185509,7254,0
185509,4848,1
185536,5472,0
185572,42504,0
185590,21465,0
185590,12755,1
185679,12840,0
185679,6420,1
185721,15227,0
185758,16200,0
185828,31658,0
185828,15198,1
185873,7442,0
185873,5320,1
186034,9300,0
186034,7260,1
186122,19750,0
186131,57410,0
186186,13000,0
186201,25373,0
186201,15363,1
186283,36000,0
186371,30600,0
186371,12900,1
186380,30600,0
186380,12900,1
186399,30600,0
186399,12900,1
186405,8913,0
186423,16571,0
186432,38790,0
186469,9600,0
186469,6930,1
186584,46380,0
186618,32900,0
186645,6096,0
186867,56424,0
186876,20474,0
186876,12740,1
186900,14100,0
187000,16520,0
187046,9556,0
187046,7372,1
187134,26934,0
187134,14140,1
187198,10562,0
187444,23192,0
187444,14192,1
187532,7632,0
187532,1512,1
187596,1752,0
187620,5682,0
187620,2040,1
187639,2904,0
187639,1416,1
187648,6174,0
187648,4194,1
187666,5232,0
187666,2040,1
187745,4926,0
187897,9630,0
187897,4782,1
187903,1800,0
187903,1440,1
187912,8880,0
187912,2000,1
187958,4708,0
187958,1932,1
187967,24918,0
187967,7664,1
187976,5460,0
187976,2096,1
187985,25139,0
187985,6803,1
187994,5400,0
187994,2328,1
188003,3816,0
188003,1776,1
188021,4080,0
188021,2184,1
188030,23407,0
188030,6283,1
188049,5040,0
188049,1788,1
188058,14328,0
188058,5064,1
188100,4272,0
188100,1344,1
188137,4320,0
188137,1830,1
188182,17000,0
188207,18400,0
188216,0,0
188225,4872,0
188225,1872,1
188261,2784,0
188261,1512,1
188304,11400,0
188304,4770,1
188340,26880,0
188429,42085,0
188438,7632,0
188438,5088,1
188517,17706,0
188526,37950,0
188535,54207,0
188580,28992,0
188641,36444,0
188669,13519,0
188678,37575,0
188687,18112,0
188696,21945,0
188854,43960,0
188942,8000,0
189015,44025,0
189088,59800,0
189097,60478,0
189228,25646,0
189273,12000,0
189282,38850,0
189413,12000,0
189501,64628,0
189547,10560,0
189547,5280,1
189565,18316,0
189583,17314,0
189592,17397,0
189705,30180,0
189811,20335,0
189839,9984,0
189839,4992,1
189848,36026,0
189857,8400,0
190008,22500,0
190044,54960,0
190053,5518,0
190071,8120,0
190080,3600,0
190099,63904,0
190114,19338,0
190150,61989,0
190169,10224,0
190169,5112,1
190372,44550,0
190415,62456,0
190424,31806,0
190442,8434,0
190442,5170,1
190451,16328,0
190503,33850,0
190512,14880,0
190512,6930,1
190521,7680,0
190521,4800,1
190530,7680,0
190530,4800,1
190549,14880,0
190549,6930,1
190558,14880,0
190558,6930,1
190567,14880,0
190567,6930,1
190576,14880,0
190576,6930,1
190585,7680,0
190585,4800,1
190594,14880,0
190594,6930,1
190600,14880,0
190600,6930,1
190619,7680,0
190619,4800,1
190628,7680,0
190628,4800,1
190637,14880,0
190637,6930,1
190646,14880,0
190646,6930,1
190655,14880,0
190655,6930,1
190664,14880,0
190664,6930,1
190673,7680,0
190673,4800,1
190682,NULL,0
190691,14880,0
190691,6930,1
190716,29980,0
190725,32090,0
190752,13750,0
190761,31220,0
190840,9200,0
190840,4600,1
190956,10064,0
190983,35270,0
191083,10400,0
191083,5200,1
191126,21692,0
191126,7170,1
191199,6144,0
191199,5112,1
191205,25900,0
191241,56920,0
191302,5184,0
191320,15000,0
191339,5550,0
191339,4950,1
191515,62050,0
191533,50254,0
191597,19245,0
191612,5116,0
191621,27400,0
191630,60350,0
191649,52215,0
191676,15900,0
191719,9600,0
191719,4800,1
191931,42128,0
191959,18000,0
191968,48126,0
191986,10600,0
191986,5300,1
192004,12000,0
192022,5160,0
192040,59702,0
192110,52250,0
192165,11800,0
192192,34691,0
192271,29750,0
192323,36320,0
192448,38684,0
192509,9300,0
192624,12300,0
192688,19000,0
192703,44100,0
192712,51500,0
192749,39660,0
192785,15980,0
192800,8100,0
192819,43900,0
192864,36928,0
192925,33000,0
192961,11456,0
192970,5000,0
193016,20518,0
193052,12500,0
193061,9900,0
193070,12500,0
193201,12888,0
193247,12170,0
193283,7305,0
193283,4870,1
193292,34550,0
193308,15432,0
193326,9512,0
193326,4756,1
193353,36522,0
193380,NULL,0
193399,39500,0
193405,31303,0
193478,11600,0
193478,5800,1
193584,37330,0
193609,17600,0
193654,53105,0
193751,18696,0
193821,25280,0
193830,27521,0
193894,16780,0
193900,55384,0
193946,10080,0
193946,5040,1
193973,35400,0
194028,12452,0
194028,5280,1
194073,NULL,0
194091,39960,0
194116,34500,0
194161,27000,0
194189,12650,0
194222,10380,0
194222,5190,1
194240,11088,0
194240,5544,1
194310,48152,0
194392,32012,0
194499,13000,0
194569,16500,0
194578,55575,0
194657,10800,0
194666,9500,0
194693,15100,0
194718,8300,0
194736,8900,0
194763,10000,0
194824,58600,0
194958,34788,0
195003,52740,0
195030,60550,0
195049,NULL,0
195058,10424,0
195058,5212,1
195128,33851,0
195155,12690,0
195164,37620,0
195173,27188,0
195191,21816,0
195216,61600,0
195234,35104,0
195243,35500,0
195289,11456,0
195304,60700,0
195322,9408,0
195322,4704,1
195438,10000,0
195474,40945,0
195526,61132,0
195544,31760,0
195580,12600,0
195702,28800,0
195702,18100,1
195720,36748,0
195784,16688,0
195809,45760,0
195988,10416,0
195988,5208,1
196006,14150,0
196006,7070,1
196015,14029,0
196015,7070,1
196024,10840,0
196024,7070,1
196033,16980,0
196033,7070,1
196042,16980,0
196042,7070,1
196051,16980,0
196051,7070,1
196060,24910,0
196060,7070,1
196079,24910,0
196079,7070,1
196088,24990,0
196088,7070,1
196097,24990,0
196097,7070,1
196103,19830,0
196103,7070,1
196112,17830,0
196112,7070,1
196121,16980,0
196121,7070,1
196130,16980,0
196130,7070,1
196149,16980,0
196149,7070,1
196158,16980,0
196158,7070,1
196167,16980,0
196167,7070,1
196176,16980,0
196176,7070,1
196185,16980,0
196185,7070,1
196194,16980,0
196194,7070,1
196200,16980,0
196200,7070,1
196219,16980,0
196219,7070,1
196228,11310,0
196237,16980,0
196237,7070,1
196246,16980,0
196246,7070,1
196255,17830,0
196255,7070,1
196264,16980,0
196264,7070,1
196291,16980,0
196291,7070,1
196307,16980,0
196307,7070,1
196389,24000,0
196413,58440,0
196431,11000,0
196440,6150,0
196468,34434,0
196565,11230,0
196565,5462,1
196583,11850,0
196592,18560,0
196653,18890,0
196680,NULL,0
196699,10160,0
196699,5080,1
196866,63603,0
196884,23670,0
197018,14133,0
197027,0,0
197036,NULL,0
197045,23208,0
197133,63840,0
197142,25930,0
197151,46800,0
197197,49460,0
197221,55075,0
197230,32362,0
197285,22113,0
197294,11770,0
197294,4730,1
197531,9900,0
197601,12500,0
197647,12700,0
197674,12750,0
197692,18450,0
197708,45200,0
197735,9440,0
197744,13850,0
197814,7199,0
197814,2113,1
197850,6432,0
197850,1824,1
197869,20246,0
197869,4242,1
197887,8576,0
197887,2432,1
197911,34400,0
197966,8576,0
197966,2432,1
197984,18500,0
197993,16000,0
198011,7504,0
198011,2128,1
198039,8576,0
198039,2432,1
198066,28400,0
198084,8576,0
198084,2432,1
198109,15040,0
198118,8576,0
198118,2432,1
198136,36650,0
198154,8576,0
198154,2432,1
198206,8576,0
198206,2432,1
198215,32868,0
198233,7504,0
198233,2128,1
198251,8576,0
198251,2432,1
198260,8576,0
198260,2432,1
198303,25880,0
198321,8576,0
198321,2432,1
198330,8576,0
198330,2432,1
198367,6432,0
198367,1824,1
198376,7698,0
198376,2054,1
198385,56550,0
198419,60435,0
198455,7312,0
198455,2067,1
198464,20729,0
198464,4452,1
198491,8576,0
198491,2432,1
198507,5000,0
198507,1000,1
198516,41734,0
198534,8576,0
198534,2432,1
198543,5000,0
198543,1000,1
198552,7008,0
198552,1992,1
198561,31220,0
198570,8576,0
198570,2432,1
198598,19520,0
198613,40400,0
198622,7504,0
198622,2128,1
198640,8576,0
198640,2432,1
198668,8576,0
198668,2432,1
198677,7560,0
198695,36636,0
198710,6432,0
198710,1824,1
198729,8576,0
198729,2432,1
198756,17474,0
198774,8576,0
198774,2432,1
198808,26490,0
198817,8576,0
198817,2432,1
198835,43000,0
198862,15917,0
198871,18980,0
198899,36557,0
198905,6432,0
198905,1824,1
198914,8576,0
198914,2432,1
198923,6432,0
198923,1824,1
198950,42540,0
198969,37438,0
198987,8576,0
198987,2432,1
199023,8576,0
199023,2432,1
199032,30250,0
199069,22591,0
199087,8600,0
199087,2600,1
199102,17050,0
199102,3540,1
199111,21470,0
199111,4122,1
199120,35580,0
199120,7019,1
199139,17936,0
199139,3812,1
199148,19581,0
199148,4422,1
199157,16764,0
199157,3728,1
199184,23731,0
199184,6497,1
199193,28276,0
199193,6535,1
199209,33952,0
199218,19063,0
199218,4443,1
199263,6432,0
199263,1824,1
199272,32550,0
199281,5000,0
199281,1000,1
199306,31940,0
199324,8576,0
199324,2432,1
199333,6432,0
199333,1824,1
199412,39030,0
199421,8040,0
199421,2280,1
199449,8576,0
199449,2432,1
199458,16000,0
199467,8576,0
199467,2432,1
199476,8576,0
199476,2432,1
199485,6432,0
199485,1824,1
199494,6432,0
199494,1824,1
199582,10968,0
199607,30500,0
199625,10988,0
199625,3116,1
199634,8742,0
199634,2598,1
199643,11808,0
199698,28600,0
199722,8576,0
199722,2432,1
199731,6968,0
199731,1976,1
199740,9005,0
199740,2554,1
199759,9432,0
199768,8694,0
199768,2550,1
199786,8576,0
199786,2432,1
199795,8448,0
199795,2304,1
199838,6432,0
199838,1824,1
199847,61012,0
199856,8576,0
199856,2432,1
199865,37500,0
199883,20556,0
199892,8576,0
199892,2432,1
199908,8576,0
199908,2432,1
199926,8576,0
199926,2432,1
199953,9648,0
199953,2736,1
199962,40706,0
199971,7600,0
199999,14057,0
199999,3401,1
200004,5000,0
200004,1000,1
200013,10535,0
200022,6251,0
200022,4167,1
200059,9570,0
200059,7470,1
200086,3600,0
200156,23400,0
200192,4249,0
200208,3600,0
200217,18710,0
200226,9775,0
200226,6517,1
200253,7168,0
200280,13856,0
200280,9237,1
200305,5995,0
200305,4996,1
200314,6796,0
200314,4530,1
200332,13963,0
200332,9309,1
200341,4140,0
200466,3600,0
200484,15598,0
200527,1920,0
200554,3220,0
200572,11583,0
200572,6619,1
200590,10302,0
200697,18624,0
200785,11820,0
200800,13170,0
200800,10097,1
200846,6617,0
200873,6400,0
201061,33553,0
201104,23000,0
201140,22000,0
201177,18210,0
201195,36575,0
201283,5860,0
201283,3140,1
201371,34716,0
201432,13626,0
201432,5637,1
201441,18765,0
201441,11272,1
201469,18428,0
201548,39900,0
201645,61040,0
201654,34498,0
201672,7776,0
201672,5016,1
201690,7176,0
201690,5176,1
201751,13080,0
201803,8388,0
201821,15490,0
201867,19975,0
201885,25990,0
201885,10656,1
201928,8568,0
201928,4284,1
201946,12860,0
201946,5628,1
201955,14852,0
201955,6054,1
201964,16247,0
201973,6832,0
201973,3416,1
202046,43380,0
202073,40000,0
202134,17359,0
202134,12144,1
202170,37650,0
202222,10611,0
202222,5188,1
202356,8736,0
202356,4622,1
202435,12600,0
202480,46170,0
202514,34556,0
202523,60000,0
202648,7200,0
202648,3600,1
202763,36236,0
202806,9552,0
202903,6500,0
202912,13605,0
203067,27500,0
203085,32900,0
203128,25500,0
203155,7632,0
203155,3816,1
203289,12330,0
203331,7727,0
203331,4115,1
203368,45490,0
203386,18912,0
203447,15817,0
203447,6902,1
203456,15817,0
203456,6902,1
203465,15817,0
203465,6902,1
203474,15817,0
203474,6902,1
203483,15817,0
203483,6902,1
203492,15817,0
203492,6902,1
203517,20132,0
203517,11218,1
203526,15817,0
203526,6902,1
203535,66240,0
203544,14664,0
203580,33588,0
203599,8555,0
203599,3927,1
203678,8650,0
203678,4440,1
203720,8820,0
203739,8820,0
203748,8128,0
203748,4187,1
203757,25750,0
203775,33595,0
203845,36956,0
203881,10290,0
203881,5700,1
203960,16200,0
203997,29522,0
204006,16869,0
204006,6083,1
204015,16765,0
204015,6045,1
204024,34171,0
204024,13678,1
204176,24356,0
204185,34000,0
204194,23953,0
204200,33750,0
204255,11130,0
204255,5670,1
204264,29900,0
204422,10776,0
204422,5388,1
204440,8848,0
204440,4496,1
204468,31250,0
204477,15328,0
204486,10659,0
204501,61106,0
204617,32780,0
204635,35480,0
204662,32870,0
204662,8633,1
204671,32914,0
204671,8677,1
204680,32914,0
204680,8677,1
204699,32914,0
204699,8677,1
204705,32914,0
204705,8677,1
204796,35782,0
204796,11525,1
204802,8996,0
204802,6004,1
204820,8996,0
204820,6004,1
204839,8996,0
204839,6004,1
204848,8996,0
204848,6004,1
204857,23720,0
204857,13352,1
204866,8996,0
204866,6004,1
204884,12260,0
204893,10758,0
204893,9840,1
204909,49262,0
204936,33824,0
204945,8784,0
204945,4392,1
204990,18000,0
205027,28020,0
205054,14309,0
205090,6109,0
205124,13700,0
205179,15758,0
205203,19600,0
205203,19400,1
205391,29109,0
205443,15686,0
205443,9341,1
205470,7636,0
205470,3889,1
205559,21023,0
205841,6132,0
205841,3036,1
205887,16249,0
205957,30620,0
205966,9738,0
205966,5132,1
206011,9072,0
206011,4536,1
206048,28620,0
206084,18751,0
206084,9391,1
206154,8400,0
206279,16841,0
206288,14220,0
206349,36390,0
206394,21000,0
206437,30610,0
206446,4152,0
206446,4128,1
206491,12020,0
206507,28415,0
206516,15750,0
206525,42260,0
206589,57050,0
206604,19592,0
206604,10174,1
206613,16226,0
206613,6808,1
206622,44770,0
206695,9786,0
206695,9426,1
206817,12000,0
206835,28556,0
206862,27000,0
206914,14445,0
206914,5025,1
206923,7477,0
206923,3000,1
206941,17913,0
206941,7026,1
206996,6258,0
206996,2400,1
207041,15151,0
207041,6001,1
207050,7080,0
207050,3463,1
207069,7211,0
207069,4645,1
207157,11650,0
207209,11956,0
207209,4429,1
207236,9030,0
207236,4830,1
207254,19591,0
207263,15270,0
207263,6285,1
207281,10287,0
207281,3522,1
207290,9120,0
207290,2970,1
207306,11142,0
207306,5448,1
207315,5611,0
207324,24550,0
207342,21985,0
207342,5220,1
207351,4591,0
207351,3840,1
207388,20937,0
207388,5417,1
207397,8904,0
207397,3119,1
207403,29330,0
207449,8776,0
207449,3025,1
207458,28094,0
207500,21488,0
207500,4920,1
207564,10184,0
207564,4574,1
207582,31250,0
207661,12320,0
207661,4536,1
207670,10155,0
207670,3778,1
207722,17820,0
207722,6630,1
207740,9540,0
207740,3210,1
207847,15360,0
207847,6420,1
207856,14768,0
207865,13695,0
207865,6585,1
207935,8197,0
207935,2797,1
207971,45566,0
208035,7168,0
208035,2996,1
208275,7695,0
208275,5130,1
208318,11916,0
208318,5724,1
208390,12150,0
208390,4455,1
208406,12735,0
208406,5265,1
208415,7560,0
208415,3780,1
208646,21533,0
208646,8213,1
208725,14950,0
208822,38860,0
209038,11070,0
209038,4770,1
209056,59250,0
209065,48132,0
209074,12877,0
209074,5540,1
209241,19544,0
209250,8748,0
209250,4320,1
209287,28160,0
209296,11267,0
209409,33000,0
209490,27576,0
209490,15048,1
209506,31836,0
209506,10002,1
209542,31200,0
209542,10425,1
209551,37363,0
209551,11674,1
209603,45000,0
209612,50884,0
209746,9288,0
209746,4428,1
209807,26040,0
209807,8400,1
209825,51352,0
209922,64450,0
209940,5328,0
209940,4320,1
210146,26401,0
210146,9405,1
210155,4646,0
210234,5039,0
210234,4684,1
210270,4719,0
210270,4251,1
210304,19280,0
210331,34699,0
210368,15408,0
210401,45000,0
210429,28710,0
210429,8730,1
210438,10566,0
210492,25140,0
210508,NULL,0
210571,27020,0
210605,10980,0
210605,7320,1
210669,52950,0
210739,41100,0
210775,39100,0
211024,29700,0
211079,15750,0
211079,10500,1
211088,46430,0
211130,13680,0
211273,58000,0
211291,61408,0
211307,11880,0
211307,7920,1
211343,9840,0
211343,6840,1
211352,33650,0
211431,32402,0
211440,59864,0
211468,43043,0
211477,18324,0
211556,40625,0
211583,38950,0
211608,15432,0
211608,7716,1
211893,0,0
211927,11700,0
211927,7800,1
211981,39500,0
212009,60776,0
212045,18200,0
212054,56595,0
212106,45376,0
212115,15432,0
212115,7716,1
212133,35864,0
212197,35050,0
212434,12285,0
212577,65652,0
212601,35620,0
212656,29890,0
212674,61760,0
212771,19648,0
212805,19990,0
212832,36791,0
212869,27840,0
212878,8498,0
212878,7065,1
212911,62850,0
212975,7564,0
212984,31508,0
212993,22225,0
213011,26900,0
213020,13890,0
213020,7716,1
213163,12682,0
213233,17700,0
213251,53256,0
213303,14950,0
213321,39522,0
213349,11864,0
213349,7716,1
213358,31334,0
213367,32640,0
213376,16450,0
213385,58110,0
213400,27760,0
213446,19757,0
213473,11850,0
213507,47240,0
213525,10980,0
213525,7320,1
213543,58970,0
213598,14144,0
213598,8476,1
213622,14190,0
213631,24000,0
213659,12600,0
213659,8200,1
213668,44544,0
213774,18314,0
213826,36430,0
213914,14580,0
213932,12292,0
213987,40530,0
213996,38550,0
214023,11997,0
214041,19290,0
214041,9570,1
214069,34952,0
214111,13320,0
214111,8880,1
214148,46400,0
214157,48569,0
214166,24180,0
214175,57270,0
214272,33900,0
214379,10800,0
214379,7200,1
214476,20400,0
214564,33116,0
214582,12825,0
214591,25854,0
214591,15388,1
214607,27836,0
214625,23086,0
214625,13824,1
214634,22650,0
214634,13568,1
214643,23086,0
214643,13824,1
214652,24318,0
214652,14624,1
214670,24318,0
214670,14624,1
214689,25854,0
214689,15388,1
214698,23086,0
214698,13824,1
214704,25854,0
214704,15388,1
214713,25854,0
214713,15388,1
214731,24318,0
214731,14624,1
214740,23086,0
214740,13824,1
214759,23086,0
214759,13824,1
214768,24318,0
214768,14624,1
214777,38102,0
214777,19286,1
214786,23086,0
214786,13824,1
214795,23086,0
214795,13824,1
214801,24586,0
214801,14684,1
214810,24318,0
214810,14624,1
214829,24318,0
214829,14624,1
214883,14400,0
214892,11175,0
214971,40500,0
215053,27750,0
215062,56212,0
215105,50950,0
215114,31255,0
215123,27327,0
215239,11448,0
215239,7632,1
215266,25534,0
215266,13660,1
215275,25534,0
215275,13660,1
215284,25534,0
215284,13660,1
215293,36000,0
215293,19760,1
215309,21860,0
215309,11568,1
215381,16995,0
215415,15174,0
215424,12690,0
215442,34880,0
215479,12444,0
215585,9810,0
215585,8700,1
215594,11356,0
215619,28000,0
215637,19650,0
215655,32390,0
215682,14933,0
215691,19890,0
215743,39820,0
215770,49410,0
215798,38814,0
215813,32978,0
215929,49912,0
215947,39674,0
215974,14190,0
215983,17994,0
215992,10680,0
216010,10048,0
216010,9570,1
216038,11574,0
216038,7716,1
216047,22618,0
216083,19332,0
216162,11538,0
216278,54440,0
216287,58928,0
216296,8400,0
216311,10175,0
216339,34679,0
216339,20173,1
216348,12750,0
216357,33620,0
216366,43100,0
216436,17895,0
216445,17892,0
216454,17892,0
216463,13800,0
216524,58016,0
216542,22400,0
216551,30975,0
216597,60768,0
216630,11223,0
216667,49612,0
216694,27300,0
216764,19290,0
216764,7716,1
216773,9216,0
216782,15612,0
216807,38000,0
216816,20100,0
216825,12420,0
216825,8280,1
216852,50624,0
216931,39134,0
216940,31500,0
217013,25200,0
217040,10000,0
217059,21070,0
217156,62680,0
217165,48432,0
217235,37896,0
217305,32100,0
217402,56980,0
217420,25014,0
217420,9481,1
217475,13086,0
217475,4624,1
217484,32068,0
217484,13586,1
217493,56435,0
217518,41068,0
217536,45250,0
217606,12750,0
217615,6408,0
217615,4896,1
217624,12540,0
217633,30860,0
217688,29490,0
217712,10680,0
217712,5736,1
217721,15338,0
217749,19121,0
217776,26520,0
217819,35338,0
217819,12518,1
217837,5088,0
217864,30857,0
217864,8356,1
217873,16476,0
217882,38062,0
217882,14118,1
217891,10416,0
217907,30864,0
217925,25620,0
217934,17926,0
217961,21060,0
217989,11252,0
217989,5626,1
217998,34435,0
218025,6576,0
218025,4704,1
218061,20768,0
218061,10384,1
218070,55392,0
218113,9840,0
218113,5520,1
218140,8325,0
218140,5088,1
218229,20300,0
218229,10700,1
218238,25200,0
218335,28184,0
218335,15622,1
218353,13536,0
218353,5640,1
218399,14198,0
218414,26350,0
218441,23590,0
218487,7800,0
218487,5784,1
218520,6348,0
218520,5070,1
218539,38990,0
218645,20856,0
218645,10398,1
218654,21390,0
218654,10344,1
218663,33528,0
218663,12288,1
218672,17838,0
218672,7158,1
218681,17838,0
218681,7158,1
218690,17838,0
218690,7158,1
218706,17838,0
218706,7158,1
218724,28310,0
218724,11460,1
218733,20218,0
218733,9528,1
218742,22710,0
218742,11208,1
218751,NULL,0
218821,16200,0
218830,9672,0
218830,5880,1
218858,8776,0
218858,6354,1
218885,10640,0
218885,5744,1
218894,8571,0
218894,5024,1
218919,11630,0
218955,8400,0
218955,4608,1
218964,29636,0
218964,15306,1
218973,49760,0
218991,9720,0
218991,4776,1
219000,36332,0
219046,10718,0
219046,7616,1
219082,10718,0
219082,7616,1
219091,30700,0
219143,3720,0
219170,2600,0
219189,4092,0
219198,28900,0
219204,15390,0
219240,3600,0
219259,10718,0
219259,7616,1
219277,2016,0
219295,22385,0
219338,2000,0
219347,12240,0
219347,7820,1
219356,11283,0
219356,7773,1
219374,4200,0
219383,19940,0
219408,3840,0
219426,3720,0
219471,11283,0
219471,7773,1
219480,3472,0
219505,11160,0
219602,12360,0
219602,6816,1
219639,11568,0
219709,38000,0
219718,16222,0
219790,17300,0
219806,31300,0
219824,16920,0
219824,4104,1
219833,35520,0
219842,2400,0
219879,16920,0
219879,4104,1
219888,16920,0
219888,4140,1
219949,25200,0
219976,34304,0
220002,22225,0
220057,16920,0
220057,4104,1
220075,10788,0
220075,7486,1
220118,10665,0
220181,21600,0
220206,20170,0
220215,24300,0
220400,13458,0
220400,4104,1
220464,10675,0
220473,17384,0
220516,31942,0
220552,16450,0
220598,9270,0
220604,10776,0
220613,21000,0
220631,24720,0
220701,9000,0
220710,36880,0
220792,27570,0
220862,12576,0
220862,8352,1
220871,19200,0
220978,26376,0
220978,7344,1
220996,NULL,0
221096,16920,0
221096,4104,1
221184,16920,0
221184,4104,1
221351,52000,0
221397,17230,0
221397,4414,1
221485,16920,0
221485,4104,1
221519,50863,0
221643,16920,0
221643,4104,1
221661,22980,0
221670,NULL,0
221731,26100,0
221740,24110,0
221740,7992,1
221759,29522,0
221759,11332,1
221768,14418,0
221768,8378,1
221838,20484,0
221838,7128,1
221847,18552,0
221847,8520,1
221892,27300,0
221908,16920,0
221908,4104,1
221953,26558,0
221971,18313,0
221999,58130,0
222053,16920,0
222053,4104,1
222062,16920,0
222062,4104,1
222105,8460,0
222178,40300,0
222567,3432,0
222567,2256,1
222576,2664,0
222576,1128,1
222628,8550,0
222822,4860,0
222822,3450,1
222831,14287,0
222831,4495,1
222877,14363,0
222938,20700,0
222983,44027,0
222992,10050,0
222992,2010,1
223001,15000,0
223083,13422,0
223117,8550,0
223223,24891,0
223232,51738,0
223320,4410,0
223320,3960,1
223427,8310,0
223427,3600,1
223463,23365,0
223472,13960,0
223506,4063,0
223506,2629,1
223816,7500,0
223816,3720,1
223898,5310,0
223922,2760,0
223922,1800,1
224004,34700,0
224110,4944,0
224110,2760,1
224147,15299,0
224147,4913,1
224226,33810,0
224244,19520,0
224271,12394,0
224305,18439,0
224323,44630,0
224350,3240,0
224350,2130,1
224527,27450,0
224545,18819,0
224545,6090,1
224554,17030,0
224554,4790,1
224615,6000,0
224615,4050,1
224642,4824,0
224642,2784,1
224712,16930,0
224776,20700,0
224891,2940,0
224891,2670,1
224961,4680,0
224961,2220,1
225070,4320,0
225070,2760,1
225247,30694,0
225308,4500,0
225308,1170,1
225371,3328,0
225371,2328,1
225399,34250,0
225414,19320,0
225414,6024,1
225423,3624,0
225423,2904,1
225432,15810,0
225432,5994,1
225502,14903,0
225502,5111,1
225511,20877,0
225511,8685,1
225520,5770,0
225520,4320,1
225548,27850,0
225575,12569,0
225627,32440,0
225876,5040,0
225885,10400,0
225991,16200,0
226019,4368,0
226019,3168,1
226091,16020,0
226091,6228,1
226107,12912,0
226107,1920,1
226116,7320,0
226116,1200,1
226134,3648,0
226134,2400,1
226152,13634,0
226152,3818,1
226204,3552,0
226204,3132,1
226231,33670,0
226383,25900,0
226408,3450,0
226408,2550,1
226471,27440,0
226578,5430,0
226578,3720,1
226587,29972,0
226806,4980,0
226806,3750,1
226833,7827,0
226833,5877,1
226879,17120,0
227146,3480,0
227146,1620,1
227182,6456,0
227182,5136,1
227216,18087,0
227216,8295,1
227225,4680,0
227225,3240,1
227289,22120,0
227304,4014,0
227304,3120,1
227331,30200,0
227368,17649,0
227368,7857,1
227377,3000,0
227377,1800,1
227386,792,0
227401,4770,0
227401,3270,1
227429,7398,0
227526,22590,0
227526,7387,1
227687,5700,0
227687,3600,1
227748,16520,0
227757,54100,0
227845,49886,0
227854,13980,0
227854,6450,1
227863,31724,0
227881,15648,0
227881,5856,1
227924,13980,0
227924,6450,1
227979,5040,0
227979,3240,1
228042,35614,0
228149,34154,0
228158,2952,0
228158,2568,1
228194,NULL,0
228246,55012,0
228316,4848,0
228316,3024,1
228325,16822,0
228343,48450,0
228431,20082,0
228431,7842,1
228459,20030,0
228459,8606,1
228468,23400,0
228486,10070,0
228501,15211,0
228501,5419,1
228529,14208,0
228529,4416,1
228547,8235,0
228547,3402,1
228608,2832,0
228608,1848,1
228635,6696,0
228644,20003,0
228644,6419,1
228653,20994,0
228653,7494,1
228699,1920,0
228699,1704,1
228705,18133,0
228705,5137,1
228723,36239,0
228723,8815,1
228769,26778,0
228769,9206,1
228778,41070,0
228778,11698,1
228787,39776,0
228787,14564,1
228796,23112,0
228796,7704,1
228802,21570,0
228802,7020,1
228866,NULL,0
228875,53890,0
228884,8208,0
228909,26600,0
228909,8750,1
228981,33330,0
229018,18817,0
229018,6577,1
229027,18487,0
229027,6233,1
229063,19677,0
229063,6941,1
229115,21204,0
229115,8935,1
229160,31390,0
229179,15408,0
229179,5616,1
229267,48648,0
229300,34020,0
229300,8841,1
229337,18690,0
229337,6450,1
229355,2784,0
229355,2208,1
229504,3840,0
229504,2400,1
229540,3720,0
229540,2664,1
229780,20942,0
229799,7860,0
229799,5550,1
229814,8267,0
229814,6372,1
229832,4230,0
229832,3270,1
229841,2016,0
229841,768,1
229887,12500,0
230038,6304,0
230047,6250,0
230056,14220,0
230171,16834,0
230171,5266,1
230366,17112,0
230418,3766,0
230597,13746,0
230597,3796,1
230603,19822,0
230603,6006,1
230728,23305,0
230728,7387,1
230737,17174,0
230737,5614,1
230746,13222,0
230746,3778,1
230764,28697,0
230764,8175,1
230782,16164,0
230782,5471,1
230807,39312,0
230816,60648,0
230834,28800,0
230834,11832,1
230852,43800,0
230861,13440,0
230861,6720,1
230889,18212,0
230913,25680,0
230913,11592,1
230959,62000,0
230995,42860,0
231059,47640,0
231068,18796,0
231095,39000,0
231147,42000,0
231165,28128,0
231165,14172,1
231174,41280,0
231174,16280,1
231411,13200,0
231420,37640,0
231536,9918,0
231536,4620,1
231554,27600,0
231581,38800,0
231624,40089,0
231624,17434,1
231651,18080,0
231697,9918,0
231697,4620,1
231712,22213,0
231712,9375,1
231785,16724,0
231873,9918,0
231873,4620,1
231882,9918,0
231882,4620,1
231970,23882,0
232016,16500,0
232025,34500,0
232043,40590,0
232052,9918,0
232052,4620,1
232089,37400,0
232186,33960,0
232186,9795,1
232195,9948,0
232195,4650,1
232256,48188,0
232265,26198,0
232308,40350,0
232414,10041,0
232414,4743,1
232423,24744,0
232423,7684,1
232450,9948,0
232450,4650,1
232557,15467,0
232566,20600,0
232566,8420,1
232575,9918,0
232575,4620,1
232609,34500,0
232618,11480,0
232672,31611,0
232681,25858,0
232681,8938,1
232706,35950,0
232724,22899,0
232788,9918,0
232788,4620,1
232797,10856,0
232867,9918,0
232867,4620,1
232885,400,0
232919,16200,0
232937,16920,0
232937,5752,1
232946,10790,0
232946,5412,1
232982,26664,0
232982,7239,1
233019,9918,0
233019,4620,1
233037,9918,0
233037,4620,1
233082,5970,0
233116,9948,0
233116,4650,1
233277,20246,0
233277,8156,1
233295,44930,0
233301,27270,0
233310,9918,0
233310,4620,1
233329,15754,0
233338,11820,0
233338,6030,1
233356,12600,0
233374,60330,0
233408,12280,0
233426,33510,0
233480,5578,0
233541,33790,0
233602,9790,0
233611,18858,0
233639,9918,0
233639,4620,1
233648,9918,0
233648,4620,1
233684,13320,0
233718,22620,0
233754,9978,0
233754,4680,1
233772,9978,0
233772,4680,1
233842,13500,0
233897,25419,0
233897,6040,1
233903,9918,0
233903,4620,1
233921,31754,0
233921,12104,1
233949,9978,0
233949,4680,1
234030,33728,0
234030,12472,1
234076,53325,0
234076,18059,1
234085,39590,0
234085,9782,1
234137,8200,0
234155,16542,0
234155,5540,1
234164,10530,0
234173,36010,0
234207,60590,0
234377,9918,0
234377,4620,1
234669,9607,0
234669,3928,1
234696,3881,0
234696,3102,1
234711,4948,0
234711,4458,1
234827,23881,0
234827,6816,1
234845,4948,0
234845,4458,1
234915,13558,0
234933,9807,0
234933,4203,1
234951,5277,0
234979,7098,0
234979,5319,1
235024,35314,0
235097,25464,0
235097,7104,1
235103,9390,0
235103,3952,1
235149,9576,0
235149,3897,1
235167,28905,0
235167,7596,1
235237,4290,0
235237,3927,1
235316,49800,0
235334,9607,0
235334,3928,1
235343,4410,0
235343,3928,1
235422,19500,0
235431,3527,0
235547,28950,0
235671,9733,0
235671,3984,1
235699,8299,0
235699,3102,1
235750,5119,0
235750,3866,1
236072,4947,0
236072,4458,1
236133,34500,0
236188,9465,0
236188,4197,1
236230,49472,0
236258,4407,0
236258,3927,1
236328,57330,0
236382,4350,0
236382,3882,1
236452,41660,0
236504,4947,0
236504,4458,1
236513,4947,0
236513,4458,1
236577,36504,0
236595,50328,0
236610,6708,0
236610,3882,1
236638,7057,0
236638,3917,1
236656,10207,0
236656,4458,1
236692,3970,0
236692,3102,1
236708,3970,0
236708,3102,1
236753,10206,0
236753,4458,1
236887,6306,0
236887,4965,1
236896,30672,0
236939,26392,0
236939,10708,1
236948,39687,0
236948,11189,1
236975,4948,0
236975,4458,1
237011,25666,0
237011,7760,1
237039,8786,0
237039,3527,1
237057,58200,0
237066,47700,0
237109,4948,0
237109,4458,1
237118,31200,0
237136,15220,0
237181,30720,0
237215,16030,0
237215,8840,1
237312,21000,0
237330,18780,0
237330,8540,1
237358,29880,0
237367,15638,0
237367,6022,1
237385,9704,0
237385,8044,1
237437,10050,0
237525,18244,0
237525,7190,1
237598,8550,0
237686,9024,0
237686,4032,1
237701,12120,0
237701,4752,1
237783,12750,0
237792,15774,0
237792,6288,1
237817,6576,0
237817,4056,1
237880,NULL,0
237899,14544,0
237899,8856,1
237932,17100,0
237932,8716,1
237950,19584,0
237950,7848,1
237969,31698,0
237987,12795,0
237996,12411,0
238014,11568,0
238014,3600,1
238032,26568,0
238032,9360,1
238078,29090,0
238193,31008,0
238263,6509,0
238263,4304,1
238324,21050,0
238333,55810,0
238397,6455,0
238397,4304,1
238430,34744,0
238458,35360,0
238476,34500,0
238616,32770,0
238661,33550,0
238722,6455,0
238722,4304,1
238759,6455,0
238759,4304,1
238980,30400,0
239008,6068,0
239008,4045,1
239017,53667,0
239071,17560,0
239080,29520,0
239105,45860,0
239169,30000,0
239220,6269,0
239220,4179,1
239248,6455,0
239248,4304,1
239309,39380,0
239318,44601,0
239372,6455,0
239372,4303,1
239390,32700,0
239424,16500,0
239442,6455,0
239442,4304,1
239460,5164,0
239460,3443,1
239488,6455,0
239488,4304,1
239512,39719,0
239628,49300,0
239637,12096,0
239716,42304,0
239910,6450,0
239910,4290,1
240107,30400,0
240116,6455,0
240116,4304,1
240125,6455,0
240125,4304,1
240170,6450,0
240170,4298,1
240189,15694,0
240189,6519,1
240198,6624,0
240198,4570,1
240213,43700,0
240268,16074,0
240268,7361,1
240277,14516,0
240277,6298,1
240329,16404,0
240329,7585,1
240338,33210,0
240365,13995,0
240365,6422,1
240374,14568,0
240374,6298,1
240392,11820,0
240417,15281,0
240417,7014,1
240426,14108,0
240426,6535,1
240444,37904,0
240444,9273,1
240453,19956,0
240453,8091,1
240462,15356,0
240462,6418,1
240471,14421,0
240471,6428,1
240480,15402,0
240480,6698,1
240505,7560,0
240505,2520,1
240514,9450,0
240514,3150,1
240596,9450,0
240596,3150,1
240620,9450,0
240620,3150,1
240657,9450,0
240657,3150,1
240666,9450,0
240666,3150,1
240693,7560,0
240693,2520,1
240727,15960,0
240727,3840,1
240736,4800,0
240736,4500,1
240745,4320,0
240745,3120,1
240754,10608,0
240754,5304,1
240790,4560,0
240790,3078,1
241100,5400,0
241128,5400,0
241146,5400,0
241191,6500,0
241216,5520,0
241225,4524,0
241304,7830,0
241331,6006,0
241377,4478,0
241386,4778,0
241395,5160,0
241410,5160,0
241517,12300,0
241614,5760,0
241720,2040,0
241739,4920,0
241766,2520,0
241793,3600,0
241836,11100,0
241836,5400,1
241951,6700,0
241951,3700,1
242042,1500,0
242112,7820,0
242121,5292,0
242130,7380,0
242149,7380,0
242556,1500,0
242583,3607,0
242617,4848,0
242626,4848,0
242635,4848,0
242644,4848,0
242653,4848,0
242662,4848,0
242680,4848,0
242699,4848,0
242705,4848,0
242723,15600,0
242972,8160,0
242972,6448,1
243081,23278,0
243106,5024,0
243115,5024,0
243133,5954,0
243142,7536,0
243151,5024,0
243179,5024,0
243188,5024,0
243197,5024,0
243203,5652,0
243212,5024,0
243221,5024,0
243346,4920,0
243443,4920,0
243498,4515,0
243568,5405,0
243568,5400,1
243577,8172,0
243586,5160,0
243601,4920,0
243638,4350,0
243647,3360,0
243647,3120,1
243665,13892,0
243665,4631,1
243744,57693,0
243780,28520,0
243780,9718,1
243823,24840,0
243832,11100,0
243832,5400,1
243841,7380,0
244233,18240,0
244437,8632,0
244437,2280,1
244446,4800,0
244446,2400,1
245625,5700,0
245625,5100,1
245652,36040,0
245777,8600,0
245838,16050,0
245847,17820,0
245865,25872,0
245883,19260,0
245892,16164,0
245953,17568,0
246345,9630,0
246354,13980,0
246354,6450,1
246789,13560,0
246813,4800,0
246813,2400,1
247065,12780,0
247153,29280,0
247162,12480,0
247603,6720,0
247603,5040,1
247649,62720,0
247773,8500,0
247834,5550,0
247834,3450,1
247940,15288,0
247940,4368,1
248934,17424,0
249609,13348,0
250027,10680,0
250285,16520,0
250744,29280,0
251260,7500,0
251260,3750,1
251312,15300,0
260372,6000,0
260789,14519,0
260813,17920,0
260992,18280,0
261861,12189,0
262022,NULL,0
262031,6660,0
262031,5010,1
262086,12000,0
262129,27159,0
262129,5227,1
262165,9440,0
363633,2832,0
363633,1488,1
363712,8500,0
363907,4478,0
363916,4776,0
363934,17958,0
364016,7824,0
364016,2040,1
364025,7824,0
364025,2040,1
366003,7080,0
366252,23190,0
366252,15450,1
366261,15213,0
366340,1820,0
366368,42896,0
366395,10940,0
366395,5470,1
366401,8112,0
366401,1104,1
366465,4800,0
366465,2400,1
366535,20393,0
366553,14184,0
366571,4125,0
366605,26997,0
366711,17622,0
366711,5742,1
367103,10560,0
367361,10680,0
367459,3936,0
367459,3480,1
367884,15000,0
367954,26341,0
368443,20110,0
368452,18900,0
368911,4800,0
368911,2400,1
369002,NULL,0
369455,23800,0
369516,14494,0
369659,27048,0
372329,14760,0
372921,15372,0
374024,11790,0
375230,10500,0
375416,16155,0
376224,12300,0
376330,11376,0
376695,5050,0
376695,4410,1
377111,19258,0
377449,16500,0
377458,16500,0
377546,18000,0
377555,39687,0
377555,11189,1
377564,39687,0
377564,11189,1
378576,9898,0
380359,2660,0
380368,5418,0
380377,3564,0
380438,17112,0
381352,19800,0
381459,9450,0
381732,10800,0
382911,13740,0
382911,4320,1
382957,14070,0
383020,18096,0
383190,8280,0
383190,3144,1
383996,2544,0
383996,1704,1
384254,46420,0
384306,13786,0
384333,7824,0
384333,2040,1
384342,14490,0
384342,9660,1
384412,5760,0
384421,12450,0
385415,50000,0
385503,15647,0
385619,19200,0
386153,10800,0
386472,11820,0
388520,9000,0
388520,7200,1
392354,8000,0
395362,9072,0
395362,1104,1
399212,8712,0
399212,1104,1
399869,16590,0
399911,33218,0
400558,6600,0
401223,6480,0
401250,16012,0
403469,10928,0
403469,8902,1
403478,10928,0
403478,8902,1
403487,10928,0
403487,8902,1
404222,4086,0
404338,13680,0
404426,9492,0
404426,3254,1
404994,13680,0
405058,11700,0
405854,22500,0
405872,7104,0
405872,5496,1
406547,18240,0
407610,5088,0
407629,14640,0
408729,10680,0
408844,14400,0
409254,19988,0
409315,7500,0
409315,2610,1
409616,17586,0
409698,17622,0
409698,5742,1
411754,9540,0
412599,19964,0
413413,14328,0
413617,6000,0
413626,3888,0
414461,10224,0
414595,10343,0
414878,9576,0
414911,10470,0
414911,6870,1
414966,11520,0
416801,22069,0
416801,4933,1
417327,18240,0
417734,11124,0
417752,9480,0
417886,18481,0
417910,19000,0
418126,14040,0
418223,14000,0
418782,8200,0
419031,4200,0
419183,9820,0
419341,14500,0
419703,8200,0
419712,8200,0
419721,8200,0
420024,16500,0
420042,9552,0
420246,33421,0
420325,8600,0
420398,13980,0
420398,6450,1
420431,4800,0
420431,2400,1
420440,5760,0
420440,2880,1
420538,4080,0
420538,2472,1
420556,8748,0
420556,4212,1
420705,533,0
420723,4536,0
420723,3816,1
421708,22720,0
421832,15324,0
421841,35400,0
421878,17096,0
423643,50281,0
423652,4356,0
425986,15584,0
426314,11160,0
427973,16520,0
427982,16500,0
428000,19400,0
428170,21524,0
428259,11976,0
428392,6804,0
428392,3996,1
429085,16020,0
429094,17966,0
429128,7104,0
430184,13320,0
430670,11531,0
430670,5535,1
430704,19114,0
430883,12075,0
430935,6195,0
431600,14190,0
431983,11000,0
432348,NULL,0
432384,14519,0
432524,27780,0
433004,21420,0
433174,14549,0
433387,7404,0
433420,15030,0
433536,11820,0
433660,22328,0
433660,4191,1
434016,4050,0
434061,3335,0
434432,15590,0
434441,19660,0
434539,16305,0
434584,4920,0
434672,8928,0
434672,5784,1
434751,4080,0
434900,7080,0
434937,10200,0
435000,19863,0
435000,8992,1
436261,26997,0
436304,3335,0
436553,8000,0
436599,20520,0
436614,13200,0
436818,38340,0
436818,15672,1
436827,38340,0
436827,15672,1
436836,38340,0
436836,15672,1
437097,9360,0
437103,3237,0
437750,14960,0
438586,12607,0
438708,8520,0
438708,3840,1
438735,16520,0
439020,18096,0
439190,10206,0
439190,4458,1
439394,14467,0
439446,18000,0
439455,17850,0
439701,11640,0
439738,15748,0
439783,15525,0
439792,13852,0
439817,9615,0
439862,6216,0
439899,9000,0
439914,27600,0
439969,10800,0
440004,16680,0
440031,39377,0
440059,16520,0
440271,14968,0
440396,14500,0
440402,3864,0
440402,2400,1
440651,6080,0
440749,6000,0
440776,10560,0
440794,22968,0
440819,19400,0
440828,31200,0
440828,10065,1
440916,NULL,0
441070,1560,0
441104,19980,0
441131,14484,0
441229,17985,0
441238,0,0
441487,14200,0
441496,16520,0
441609,15775,0
441636,13057,0
441690,3720,0
441706,7050,0
441760,11712,0
441760,1920,1
441788,16520,0
441900,19289,0
441900,5550,1
441937,17622,0
441937,5742,1
441982,57280,0
442064,21543,0
442295,NULL,0
442356,30408,0
442383,12877,0
442435,10800,0
442523,8500,0
442569,7080,0
442639,8640,0
442781,822,0
442806,NULL,0
442842,6660,0
443049,8100,0
443058,6690,0
443076,19600,0
443261,21524,0
443331,34742,0
443340,14580,0
443377,17892,0
443410,35700,0
443492,10670,0
443492,3912,1
443562,6480,0
443599,8928,0
443696,10560,0
443702,21000,0
443748,15060,0
443766,13320,0
443784,13320,0
444103,13050,0
444130,11064,0
444194,7795,0
444219,9480,0
444219,0,1
444255,22851,0
444398,6048,0
444413,11200,0
444565,12600,0
444583,13630,0
444671,7380,0
444699,14850,0
444778,10970,0
444866,21524,0
444954,12004,0
444954,4818,1
445027,11762,0
445133,14065,0
445188,41636,0
445188,11564,1
445203,19518,0
445249,21147,0
445267,6480,0
445461,15230,0
445692,24630,0
445708,37896,0
445735,38800,0
445744,15764,0
445762,16520,0
445869,24405,0
446002,15600,0
446039,19931,0
446048,25168,0
446109,15250,0
446127,13500,0
446163,8910,0
446224,19673,0
446233,15750,0
446251,8950,0
446349,7000,0
446385,24450,0
446516,6600,0
446525,15145,0
446598,11422,0
446604,14500,0
446640,23900,0
446774,410,0
446774,408,1
447050,5600,0
447263,21123,0
447421,17112,0
447458,15630,0
447582,7608,0
447582,4820,1
447689,12000,0
447689,3214,1
447698,17676,0
447801,17098,0
447847,8325,0
447935,13040,0
447953,9600,0
448594,10110,0
448594,1380,1
448600,16249,0
448673,12210,0
448691,18670,0
448859,17892,0
449038,13320,0
449083,11952,0
449092,11952,0
449135,7080,0
449339,6840,0
449348,4440,0
449384,30240,0
449481,11800,0
449524,12585,0
449612,15500,0
449658,7800,0
449700,17922,0
449728,12420,0
449764,20000,0
449834,8400,0
449870,12912,0
449889,5160,0
449898,15300,0
449922,NULL,0
450058,15430,0
450067,15390,0
450298,13320,0
450304,18000,0
450377,13320,0
450571,11365,0
450933,5880,0
451079,50000,0
451352,21524,0
451370,11200,0
451398,12600,0
451404,12600,0
451510,43700,0
451556,14000,0
451741,12300,0
451750,18690,0
451820,20700,0
451857,13401,0
451866,23477,0
451927,28400,0
452106,3600,0
452124,15817,0
452373,13040,0
453163,13320,0
453215,13320,0
454184,21000,0
454227,19117,0
454236,18900,0
454245,19572,0
454458,14580,0
454582,11976,0
454616,15660,0
454689,3600,0
454829,5700,0
454838,18068,0
454856,10759,0
454865,15230,0
455099,7200,0
455114,7344,0
455114,3400,1
455178,19500,0
455257,10600,0
455406,38540,0
455433,23454,0
455479,14608,0
455512,6360,0
455512,1104,1
455628,14741,0
455664,11784,0
455707,18100,0
455770,33034,0
455804,31200,0
455813,19375,0
455974,11200,0
455992,25932,0
456454,16052,0
456481,12852,0
456490,12870,0
456542,34320,0
456621,13320,0
456959,12808,0
456977,11952,0
457129,18900,0
457226,9540,0
457271,26830,0
457350,NULL,0
457402,7200,0
457411,16520,0
457484,11880,0
457697,6000,0
457925,11750,0
458034,10743,0
458113,7200,0
458140,16800,0
458210,21646,0
458229,34742,0
458496,20700,0
458681,14184,0
458885,13320,0
458919,13320,0
458955,13320,0
458964,13320,0
458973,13320,0
458982,20700,0
459259,15300,0
459268,15300,0
459310,17813,0
459417,15470,0
459727,14440,0
459736,31145,0
459745,23454,0
459824,10080,0
459842,11820,0
459851,11820,0
459949,18364,0
459949,4887,1
459994,13320,0
460020,14574,0
460349,13365,0
460376,10128,0
460385,16100,0
460394,11340,0
460394,1380,1
460464,10080,0
460464,1380,1
460482,29280,0
460677,7380,0
460756,25387,0
460871,19572,0
461014,14448,0
461023,7800,0
461032,5976,0
461120,6000,0
461139,13260,0
461148,33017,0
461281,10320,0
461315,3840,0
461485,6660,0
461528,6300,0
461643,9993,0
461759,16008,0
461795,11700,0
461847,11060,0
461883,11352,0
461953,15669,0
462044,47600,0
462354,27000,0
463056,38340,0
463056,15672,1
464226,29600,0
466921,18900,0
466930,19236,0
469416,7080,0
474863,11400,0
475033,NULL,0
475121,15300,0
475200,13440,0
475228,NULL,0
475273,18540,0
475398,7680,0
475422,10900,0
475477,16305,0
475495,17994,0
475565,7680,0
475565,4800,1
475608,12480,0
475635,23220,0
475732,19572,0
475741,18900,0
475839,12240,0
476355,19400,0
476601,13100,0
476692,11350,0
476717,12200,0
476975,8400,0
477039,16240,0
477233,15766,0
479956,15054,0
480073,15300,0
480091,15146,0
480198,12480,0
480204,14519,0
480569,12240,0
480657,12043,0
480781,9744,0
480790,30924,0
480967,6600,0
480985,7460,0
481030,9600,0
481058,3240,0
481094,56340,0
481155,12720,0
481207,14400,0
481225,9228,0
481401,6240,0
481410,11800,0
481438,12500,0
481535,NULL,0
481720,19260,0
482149,22270,0
482149,6892,1
482158,11616,0
482158,3144,1
482185,23450,0
482228,7176,0
482255,16520,0
482413,14392,0
482422,14392,0
482431,14392,0
482440,14392,0
482459,14392,0
482468,14392,0
482477,14392,0
482538,14392,0
482547,14392,0
482556,14392,0
482565,14392,0
482574,14392,0
482608,14392,0
482617,14392,0
482635,14392,0
482653,14392,0
482680,14876,0
482680,4197,1
482699,8632,0
482699,2280,1
482705,45989,0
482936,3152,0
482990,18309,0
483018,35949,0
483036,16385,0
483036,6593,1
483045,4800,0
483045,2400,1
483124,13248,0
483124,10978,1
483212,3214,0
483504,20400,0
483595,12330,0
483647,16730,0
483975,NULL,0
484473,15000,0
484473,3358,1
484613,9552,0
484631,9552,0
484710,9552,0
484756,9552,0
484844,17562,0
484862,6960,0
484871,9000,0
484905,20080,0
484905,7840,1
484932,11148,0
484932,4682,1
485111,6705,0
485272,22816,0
485403,20000,0
485458,4294,0
485458,2147,1
485519,14985,0
485546,7884,0
485698,19872,0
485768,10800,0
485856,16500,0
485999,10500,0
486017,8950,0
486026,10500,0
486053,6944,0
486080,1,0
486123,20790,0
486196,11400,0
486239,10200,0
486257,7992,0
486284,16110,0
486354,8787,0
486424,19080,0
486433,32280,0
486460,11229,0
486488,22700,0
486558,16520,0
486576,7196,0
486840,15704,0
486840,4450,1
486901,35950,0
486938,18900,0
486947,19572,0
486956,19572,0
486965,41201,0
487010,20425,0
487010,9696,1
487092,57120,0
487162,4800,0
487162,2400,1
487302,14732,0
487311,14547,0
487320,11094,0
487320,6969,1
487375,20373,0
487524,20150,0
487603,12210,0
487658,23450,0
487746,8250,0
487861,16131,0
487995,9600,0
488004,11000,0
488031,6000,0
488059,16320,0
488068,7632,0
488077,10560,0
488101,11500,0
488305,10105,0
488314,11760,0
488350,9720,0
488387,13200,0
488448,33000,0
488527,32000,0
488554,NULL,0
488563,14040,0
488572,NULL,0
488679,8632,0
488721,1800,0
488730,13980,0
488730,6450,1
488776,17067,0
488785,27000,0
488800,5746,0
488846,0,0
488907,6480,0
489201,8664,0
489201,1104,1
489256,12500,0
489335,19800,0
489344,19572,0
489353,20300,0
489779,13356,0
489779,10080,1
489858,29408,0
489937,12600,0
490045,8206,0
490054,18408,0
490063,7115,0
490081,6000,0
490106,9040,0
490124,31518,0
490133,17400,0
490203,19750,0
490230,4800,0
490276,14000,0
490285,14640,0
490319,9800,0
490328,11050,0
490346,13920,0
490373,26400,0
490504,9980,0
490513,11750,0
490601,NULL,0
490805,13713,0
490805,7038,1
490878,14519,0
490975,15456,0
491057,12300,0
491190,11784,0
491288,6750,0
491297,6750,0
491446,8950,0
491525,5760,0
491570,28050,0
491613,9550,0
491622,12000,0
491631,8760,0
491640,9400,0
491710,8550,0
491765,9600,0
491808,21632,0
491817,11750,0
491844,5790,0
491914,9400,0
492023,18750,0
492069,6840,0
492306,NULL,0
492315,NULL,0
492324,NULL,0
492476,11100,0
492476,5400,1
492607,11784,0
492689,20295,0
492689,6831,1
492704,33534,0
492759,18900,0
492801,7680,0
492962,10224,0
493363,9600,0
493479,19476,0
493488,19375,0
493512,10320,0
493521,11550,0
493594,8150,0
493600,20000,0
493619,10540,0
493646,9100,0
493664,12380,0
493673,4560,0
493707,8650,0
493716,13700,0
493798,11900,0
493813,26000,0
493822,9984,0
493895,17875,0
493947,NULL,0
494010,36234,0
494162,21546,0
494278,11100,0
494278,5400,1
494287,11100,0
494287,5400,1
494436,16137,0
494463,11000,0
494551,37904,0
494597,1320,0
494603,8760,0
494630,7083,0
494685,6570,0
494737,20000,0
494755,12256,0
494764,16520,0
494807,17101,0
494807,8551,1
494843,16873,0
494852,16249,0
494959,8880,0
494959,4800,1
494986,13500,0
495031,10000,0
495059,16000,0
495110,21849,0
495147,11000,0
495192,20466,0
495226,9990,0
495271,7680,0
495280,6720,0
495314,NULL,0
495420,21066,0
495439,23840,0
495448,21546,0
495457,22720,0
495837,29280,0
495916,7056,0
496043,36500,0
496186,14640,0
496265,17892,0
496283,17112,0
496326,17112,0
496399,10104,0
496469,7245,0
496627,55063,0
496636,22955,0
496654,70000,0
496706,10104,0
496803,5000,0
496973,11820,0
497000,15564,0
497037,14220,0
497046,8664,0
497046,1104,1
497107,NULL,0
497116,17300,0
497125,17300,0
497213,16500,0
497268,20666,0
497277,18309,0
497374,13000,0
497408,6000,0
497453,6000,0
497462,6000,0
497480,12374,0
497657,10800,0
497657,5400,1
497666,6615,0
497693,NULL,0
497718,33501,0
497745,16520,0
497790,10800,0
497824,5040,0
497833,19850,0
498012,3700,0
498049,21546,0
498076,41040,0
498085,41040,0
498094,36480,0
498100,36480,0
498119,65720,0
498234,25410,0
498243,7056,0
498252,2200,0
498289,3600,0
498447,21546,0
498456,27866,0
498474,65720,0
498483,31220,0
498562,15537,0
498562,7716,1
498571,11574,0
498571,7716,1
